seller_id,revenue,orders,avg_review
0015a82c2db000af6aaaf3ae2ecb0532,2748.06,3,3.6666666666666665
001cca7ae9ae17fb1caed9dfb1094831,33142.9,195,3.965367965367965
002100f778ceb8431b7a1020ff7ab48f,1995.16,50,4.037037037037037
003554e2dce176b5555353e4f3555ac8,139.38,1,5.0
004c9cd9d87a3c30c522c48c4fc07416,23094.02,156,4.156626506024097
00720abe85ba0859807595bbf045a33b,1323.48,13,3.6538461538461537
00ab3eff1b5192e5f1a63bcecfee11c8,110.08,1,5.0
00d8b143d12632bad99c0ad66ad52825,137.1,1,5.0
00ee68308b45bc5e2660cd833c3f81cc,23440.66,135,4.3274853801169595
00fc707aaaad2d31347cf883cd2dfe10,14969.99,103,3.791044776119403
010543a62bd80aa422851e79a3bc7540,1447.95,2,4.5
010da0602d7774602cd1b3f5fb7b709e,1079.75,1,1.0
011b0eaba87386a2ae96a7d32bb531d1,129.16,1,4.0
01266d4c46afa519678d16a8b683d325,137.48,3,5.0
013900e863eace745d3ec7614cab5b1a,2089.37,23,4.730769230769231
014c0679dd340a0e338872e7ec85666a,7686.31,14,3.6666666666666665
014d9a685fd57276679edd00e07089e5,876.81,11,3.8333333333333335
0176f73cc1195f367f7b32db1e5b3aa8,5915.27,37,4.052631578947368
01bcc9d254a0143f0ce9791b960b2a47,1644.69,10,4.4
01c97ebb5cdac52891c0ed1c37ba0012,756.0,9,4.083333333333333
01cf7e3d21494c41fb86034f2e714fa1,11404.01,59,4.1875
01ed254b9ff8407dfb9d99ba1e17d923,1533.71,5,5.0
01fd077212124329bac32490e8ef80d9,1783.3600000000001,31,4.3076923076923075
01fdefa7697d26ad920e9e0346d4bd1b,17532.79,128,4.372093023255814
0241d4d5d36f10f80c644447315af0bd,38251.61,238,4.310204081632653
0249d282d911d23cb8b869ab49c99f53,531.88,11,4.2727272727272725
024b564ae893ce8e9bfa02c10a401ece,918.4,2,4.75
028872bfa080090a9d0abd4f1af168f8,117.87,1,5.0
02b72cdeb9cfcc429f1af6f4e3f3b737,748.6400000000001,4,4.75
02c988090b766852e088c69d7fb3b551,1770.94,12,4.6875
02d35243ea2e497335cd0f076b45675d,6399.95,14,2.6875
02dcd3e8e25bee036e32512bcf175493,1623.49,13,3.933333333333333
02ecc2a19303f05e59ce133fd923fff7,5742.4,21,4.541666666666667
02f5837340d7eb4f653d676c7256523a,4463.88,30,4.833333333333333
02f623a8eb246f3c5f7c2f96462654e6,7207.63,44,4.558139534883721
0307f7565ff85b299b6e5ef162b1b1a9,4968.89,6,3.5
0336182e1b3e92f029d5354832045fdf,47.370000000000005,1,2.0
034b9387752bfa309f350a70cd45ffa3,240.26,8,4.5
038b75b729c8a9a04b0d07cba7eabe86,557.8499999999999,2,3.5
039b29ff3b3473435d0cd59040575de9,215.55,9,4.444444444444445
039e6ad9dae79614493083e241147386,13273.42,5,4.0
03a2a6dcbe45d639c4dc2a0d24769c40,1250.6599999999999,9,4.111111111111111
03bd479e1d9484cdb14104d3023f7321,417.4200000000001,3,4.333333333333333
0417b067eeab773d2f7061a726dc477f,2501.75,13,3.923076923076923
042573af89b6d931f672efaf789d8358,478.57000000000005,3,3.6666666666666665
04308b1ee57b6625f47df1d56f00eedf,61940.62,92,3.9456521739130435
0432ead42b6c8a0bdf68154add917fdf,8754.4,82,4.551724137931035
044668ccd5316b12a7cf0d54a156e3e9,191.35,3,5.0
04843805947f0fc584fc1969b6e50fe7,1474.76,1,5.0
048c2757535328e0d7dac690ad3c0aae,10312.41,50,4.244897959183674
04aa0a1c5ce6b222003403a3e11c3cc0,6339.51,11,3.5294117647058822
04aba03279157f6d4e0fe8ccaf21963c,2735.23,15,4.533333333333333
04e38a233f726ef161074ab1c9b0399a,1347.27,19,4.166666666666667
04ee0ec01589969663ba5967c0e0bdc0,314.32,1,5.0
04fdea0c111866e6cf812f1570d6b5bd,1038.35,8,3.5
0509040ea3fe50071181bbc359eb7738,5099.25,87,4.494736842105263
052577151711aec5c744fe12e66db3e1,729.65,1,5.0
054694fa03fe82cec4b7551487331d74,8946.34,20,3.2857142857142856
056b4ada5bbc2c50cc7842547dda6b51,13485.79,64,4.15625
0570350b23eda5444f8d1d9544932058,751.76,6,5.0
05730013efda596306417c3b09302475,1168.67,4,5.0
058cb5aeb36d7c0fcae20fc85d5e0a59,1983.82,11,3.5833333333333335
058fd0aa2bfdb2274e05e1ae971dabb6,8428.78,60,4.365079365079365
05a48cc8859962767935ab9087417fbb,59.39,1,5.0
05a940b4ecae36cadfd8e93bd9c43257,864.1,9,4.222222222222222
05aebce0b5c8f0d41b29b686f2d05fd3,120.88,2,5.0
05ca864204d09595ae591b93ea9cf93d,188.42000000000002,1,5.0
05d2173d43ea568aa0540eba70d2ca76,7438.93,62,4.0
05e107217c7266362fd44b75b2cd4cc4,275.39,5,4.125
05f51e13da97139648b8125c31e5f51b,14988.96,57,4.25
05feb94f19d094d4b0f9281f0b1d4c99,10050.04,6,4.5
05ff92fedb5be47920fea08e501238b9,22983.87,57,4.283333333333333
062c325cd6a2b87845fab56b4ec2eeae,157.08,2,5.0
062ce95fa2ad4dfaedfc79260130565f,8663.43,54,4.016949152542373
06532f10282704ef4c69168b914b77be,10460.75,7,4.625
06579cb253ecd5a3a12a9e6eb6bf8f47,6007.97,61,3.842857142857143
066a6914e1ebf3ea95a216c73a986b91,10611.56,66,3.9722222222222223
0691148aee60ca47977c187804f935ae,7359.45,47,3.981132075471698
0692610d8abe24f287e9fae90ea0bbee,205.72,4,4.0
06a2c3af7b3aee5d69171b0e14f0ee87,48169.5,389,4.022784810126582
06bb3a2fe5e7b7a845b13e8fb91bd944,1862.33,17,4.611111111111111
06df0c10d34e459d9672bc77388742eb,9595.77,26,4.366666666666666
06e5eefc71ec47ae763c5c6f8db7064f,23800.32,90,3.956043956043956
07017df32dc5f2f1d2801e579548d620,1128.24,8,4.111111111111111
070d165398b553f3b4b851c216b8a358,4301.11,31,3.5405405405405403
0725b8c0f3f906e58f70cbe76b7c748c,2865.47,16,3.5277777777777777
0743a0239d764b9a0f959a57d07e36ab,403.21999999999997,4,4.75
0747d5bb69f0586cc869d8af4c50f93e,504.24,12,3.8461538461538463
0761743cbffb25d7148189e9f1a5f03a,327.4,3,4.285714285714286
077c5fae4bea9500e3737b16f71b9d3a,177.24,4,4.666666666666667
0791d9fc1e30678ecf03d3e55fa108d3,1028.99,5,2.727272727272727
079d295dcbf06ee8bb1b65ba964eb2b6,540.09,5,4.8
07a9bc7f61396b658ddf3ac534efe44c,135.49,1,3.0
07bf9669d84d1f11be443a9dd938f698,2422.22,18,3.25
07d75e33f2750d97d467fb57e4dfdd8a,759.59,2,2.5
07de60b03d150fb3ea09eab5da5e4c8b,889.0,9,4.333333333333333
07e8e8fc5222bb358e6f259da3197074,74.86,2,4.0
080102cd0a76b09e0dcf55fcacc60e05,7773.4800000000005,122,4.53125
080199a181c46c657dc5aa235411be3b,15544.880000000001,79,4.609756097560975
08061dc0fc165ed41288cc7acde738ee,182.22,4,4.5
08084d990eb3f53af056ccbc1730c8a7,606.79,12,4.454545454545454
081acf3de680d554796c9cf041be7bc2,1802.8,4,4.125
082e0bf4cb865a6533b1e8e498cc0255,3064.33,11,3.3043478260869565
085f6f7e049c996695fb2074fe38d45e,435.96000000000004,6,3.625
08633c14ef2db992c11f840f04fad4cd,9068.82,74,4.237113402061856
0873d9f8f36123f8d910f4760e788cfb,7426.65,6,3.1666666666666665
0885aaf116795758dfeb5f1032487bcd,3072.1400000000003,27,4.241379310344827
0887a9f087bcd5d9f6642b52f897fc6c,1862.35,12,4.416666666666667
08ad4ac1388e4420ca531c3edfc46198,310.66999999999996,6,2.7142857142857144
08cdbae123ff67ca4e36d9d641ce0119,4195.46,4,2.5
08d0949a9a17c027262db1f3c450c26c,557.8399999999999,12,3.75
08d1c9478fb0d7d7fcac9c0da4e82fc7,605.5699999999999,1,5.0
08d2d642cf72b622b14dde1d2f5eb2f5,1215.16,16,4.45
08f5819815f3d06545011850bd70f0a8,522.83,3,4.666666666666667
091065b789659bc3cd9af9cb3a6253ff,1444.37,2,3.5
0936e1837d0c79253456bbb2ffaaef10,70.02,1,5.0
093805f8f2aeb63881444571e1f48f30,1559.73,22,3.814814814814815
094ced053e257ae8cae57205592d6712,1978.23,19,4.052631578947368
0951a6e282947e09cd47969f4ed0b47f,580.32,7,4.857142857142857
09883d9ab71c8fe8a9bfc7fc3075b07e,330.09000000000003,4,4.0
099095b050cfe8eb1ddff5317587e96e,5705.93,16,3.0526315789473686
09bad886111255c5b5030314fc7f1a4a,560.36,5,5.0
09f952a5f58d2285b0372551ae8f9b01,13346.46,50,3.875
0a198e95d32b1be2da9424c962a6ebfa,86.66999999999999,1,5.0
0a82f5fb06a4fe4ac2cf7cb412ec71b8,484.8,2,5.0
0a85ebe4e328db81ac9109781205e2f7,805.65,12,4.583333333333333
0aa2205ca24f113f4658a5c536667426,988.1,4,2.8181818181818183
0ac4201fda2c68ebc0e47cb9423cf3c9,1910.8700000000001,13,4.285714285714286
0ad80de75c811326389cfb1daba7d45e,1564.72,6,5.0
0adac9fbd9a2b63cccaac4f8756c1ca8,17955.5,106,4.007462686567164
0ade5cc4a305ed7093a23f68ca47519c,201.26999999999998,2,5.0
0aea4c6ae1505b3228ddf3dd7822ee5b,1579.66,8,3.875
0af2ab31141893d26aca5a404a537dab,74.51,1,5.0
0af977692321d895349eded183341d28,277.22,2,4.5
0afccdb8a34ee5c79f7c06faf2b4d56e,1557.09,24,4.086956521739131
0b09101900100c0e9d312861fad5a1b9,168.36,1,4.0
0b0ddbc7b9d9584f442c7ac92b0ff6c9,1550.6399999999999,3,4.666666666666667
0b18d63d0cd1d723567903fd34a07df2,1944.03,9,4.785714285714286
0b1ca3ef18a63d7eb0c8897fa0849c08,62.87,1,5.0
0b35c634521043bf4b47e21547b99ab5,14690.79,50,3.526315789473684
0b36063d5818f81ccb94b54adfaebbf5,783.0,1,5.0
0b3f27369a4d8df98f7eb91077e438ac,171.39000000000001,2,4.0
0b46f784306be7200ca1700aa55d819f,30.86,1,5.0
0b64bcdb0784abc139af04077d49a20e,205.81,4,4.75
0b90b6df587eb83608a64ea8b390cf07,32090.94,163,4.014423076923077
0bae85eb84b9fb3bd773911e89288d54,10340.56,136,4.227586206896552
0bb27263628258b8111a0262769fa9db,33.16,1,5.0
0bb738e4d789e63e2267697c42d35a2d,2925.34,29,4.633333333333334
0be8ff43f22e456b4e0371b2245e4d01,13844.49,156,3.9657142857142857
0bebbb2cea103a4a020c95d43fd7d754,1514.34,9,4.888888888888889
0bf0150d5b9d60d9cd2906003332f085,6872.34,39,3.711864406779661
0bfd0b434243adc5c2e1aa6baf19c6aa,436.99,6,3.6666666666666665
0c7533c71df861ec58ad7ff999ed0e8d,3863.51,61,4.082191780821918
0c7f30ae9b147eca07affbef92832a6a,567.11,5,5.0
0c8380b62e38e8a1e6adbeba7eb9688c,21300.74,180,4.060185185185185
0cab2da43793a6f3c5ed8514c5f54627,366.90000000000003,3,5.0
0cbcee27c791afa0cdcb08587a2013a8,5837.68,37,4.0
0d33a55da925bbf1ff02af5f6059fc7f,932.91,22,4.5
0d4c8269e7f0401201794deef160edd6,892.03,3,4.0
0d83f8e03188682112cc0d93523705cc,820.57,4,2.75
0d85bbda9889ce1f7e63778d24f346eb,6469.7,51,4.211538461538462
0daf5180aa44356f60f8effa533b55a2,183.63,2,5.0
0db783cfcd3b73998abc6e10e59a102f,11076.55,132,4.213235294117647
0dd184061fb0eaa7ca37932c68ab91c5,23766.420000000002,161,3.953125
0ddefe3c7a032b91f4e25b9c3a08fca1,552.9,9,4.5
0df3984f9dfb3d49ac6366acbd3bbb85,11374.54,86,4.340909090909091
0dfbed20065e425d2eaefb101f9816c0,133.6,3,2.6666666666666665
0e44d110fa6a54e121cb2c095a77762f,293.38,6,4.333333333333333
0e72c1a751b496722a6cb1f10653b62a,192.10000000000002,3,4.666666666666667
0e982cff76cc0579f632cea8a0e38c9d,1081.16,6,4.142857142857143
0ea22c1cfbdc755f86b9b54b39c16043,14824.08,234,4.337164750957855
0eaa7e33d73809f1f925f7d07c506cbd,1746.9,15,4.714285714285714
0ebd97a106433a45a4aebe57c1799778,3661.6800000000003,31,4.5
0ec28cec4046a4a199b6de9b4c891d97,352.64,3,5.0
0ed6ce5d87fd9c69eaacaeb778d67235,2697.3,42,4.390243902439025
0ee4fb99ac55ffbbc98795aa01b7f8fa,70.92999999999999,1,5.0
0ef83d7d83ed97cd2a0049ac8be5f88a,5447.81,48,4.2407407407407405
0f0c984a4a955310903b6b6008660bad,481.38,4,3.75
0f519b0d2e5eb2227c93dd25038bfc01,102.9,1,5.0
0f7eea709efdf942b5f95c7516dbacd7,240.06,3,4.0
0f80a40c312b2472dca482cf50f5186f,150.0,1,3.0
0f94588695d71662beec8d883ffacf09,27.59,1,5.0
0fe2d9733ed841eb064503920015a8c0,498.35,3,4.666666666666667
0ff83046c3fa22efee8ecf291888b191,1023.3800000000001,10,4.818181818181818
0ffa40d54288e4f3499b8780dd0f144f,2746.4700000000003,33,4.4
10076e5788b8ee532724bcd460baf762,1198.78,23,4.615384615384615
10089e9f2fd0c668a8fd4e52e1698888,1199.31,3,4.333333333333333
101a3a003516bc11253298b2fad3cb65,524.0,5,4.833333333333333
1025f0e2d44d7041d6cf58b6550e0bfa,171924.96,910,3.862215909090909
10264f60a8f0a4d2f30810f5c661c673,326.46000000000004,4,5.0
1099a00e0ee3a50935e6c2447ca090c5,910.8299999999999,3,3.6666666666666665
10cdd491d1dbea8fb4ead97b19c334ce,287.76,3,5.0
10ff823eda2b032e2c93d17a7d294736,1292.8600000000001,8,4.25
112453736dbe3889cfb74e1aaa0ba0c1,2154.77,7,4.071428571428571
1127b7f2594683f2510f1c2c834a486b,8438.4,110,4.1796875
11305281b50fff20ae8bb473f8e11876,7973.21,35,4.35
113e3a788b935f48aad63e1c41dac1bd,1533.95,39,4.404255319148936
116ccb1a1604bc88e4d234a8c23f33de,2948.33,61,4.602739726027397
11742f81550ac064cc9a40f67151d9ad,831.01,2,5.0
117cfc326c6d50da67ca858ff5c0c852,536.08,5,4.6
11938fcc75f6902fea1d0a6f72b54a57,737.1400000000001,2,3.0
119c7f1a00ef43fad0e57604e76a747c,206.82000000000002,2,4.5
119d1aef1b4144adba89163f6cd9f5d4,1298.24,4,4.75
11bfa66332777660bd0640ee84d47006,5608.54,76,3.803921568627451
11d4c477d09821164bca4f70a2eae031,140.86,3,5.0
11eac105f3f90a9b87b19c89d91e24f3,927.8299999999999,5,3.6
11fb6f6d341adbe19e81733701704635,1596.6599999999999,3,5.0
120476eb7a04c149d14772edaf5d9bf2,2519.63,4,3.8333333333333335
1284de4ae8aa26997e748c851557cf0e,1546.8400000000001,3,2.6666666666666665
128639473a139ac0f3e5f5ade55873a5,21475.539999999997,527,4.202554744525547
128f9bfbe4c7d5185033914b1de3d39a,1519.37,13,4.8
12a8eb0f8d1cd3270695bf2a99f55966,436.66999999999996,2,3.5
12b9676b00f60f3b700e83af21824c0e,29901.67,133,4.553030303030303
12c2ed9cded6138cf0c75f525f565fc7,366.01,4,4.25
13074f016982ff2bd6c58ced8682f000,2752.6600000000003,13,4.142857142857143
131fcb0a0c9a47bba4474aacff0f14b7,406.41,4,4.0
1336efc61c316ddf92c899eb817f7cae,6355.29,74,3.9411764705882355
134285d1f41da5c13a756ee8142c8a4e,1653.6299999999999,3,2.75
134a288e7de827ec5ec62e3ec9c3a295,1004.0,9,4.777777777777778
134b867a0f7f8bbe6abf10f91874891e,922.8399999999999,1,4.0
13511db12ac61e2f89c53b72a944a60b,1063.97,6,3.5
1352e06ae67b410cdae0b2a22361167b,214.1,2,3.0
1354d51653f645349064725ed204e85e,2694.72,18,3.85
138dbe45fc62f1e244378131a6801526,1814.8,49,3.9827586206896552
139157dd4daa45c25b0807ffff348363,37.68,1,4.0
13c2ed7698b3ca92dad49e849219da59,653.29,8,4.444444444444445
13d058e4eeac2ce8217660b2f8a05812,4647.37,22,4.181818181818182
13d95f0f6f73943d4ceffad0fc2cd32c,309.32,1,3.0
13dd308f81fea30cc670c656b2b46cc3,151.14,3,5.0
13e85aac53340018b40c2af68001b7e0,31.92,1,5.0
13f57c12a00ed4610db646b913a7f5c6,821.15,7,4.769230769230769
13fa2a6c6b9d0f43cb588d7c82117a12,4719.44,9,4.0
141440cad9341e553f8401c574a2aa38,1579.0,11,4.166666666666667
1430239a858e7682bbc43b20758af153,888.64,17,4.0
1444c08e64d55fb3c25f0f09c07ffcf2,2818.74,1,1.0
1464afc72f696af775557a821c2e253f,1513.78,29,4.166666666666667
14a08204d03bb6b6bde8029f801ae0eb,2779.1,28,3.8157894736842106
14d7985702e72162bbf13b6beb74ab2b,4441.0,37,4.342105263157895
14ee35374a7876217954b5fa08e50463,923.05,6,4.333333333333333
14f2b3587172b9db894c9bad8dab520b,330.06,2,2.5
152ee17e4c8aaf53dac99f3462e4999b,404.93,6,4.333333333333333
154bdf805377afea75a3bd158e9eab10,109.72,1,1.0
1554a68530182680ad5c8b042c3ab563,35714.56,246,4.2679245283018865
157c3e4b42f81ac4a44e8b1ca2fe9876,3131.82,23,3.967741935483871
1588ac4010787100dddef64568f0ae35,645.97,3,3.0
15aac934c58d886785ac1b17953ea898,5019.6,25,4.115384615384615
15b3b1b81484422eb41df68ac87f1f50,56.04,1,1.0
15cd6eefe58588619aaed41dfa6621b1,2188.86,16,4.333333333333333
15ead3a5037a918ddb520dfe39a3d2b9,394.71999999999997,6,4.857142857142857
15fa791d5e017f66402dc28c44480657,1983.29,8,4.25
160851d3ece7aa1a510f8d1a4bb8a8af,141.14999999999998,2,5.0
16090f2ca825584b5a147ab24aa30c86,30984.02,398,4.07196029776675
160e4f13fd3a64b1b86807be88b5ffb0,980.45,4,4.25
164a5a8794e6d42e14f55e447b12a3bc,136.76,1,5.0
165b1235e9e9942cb5fae67103576fb0,2489.8,11,4.3125
165fc07beebdcb6190fba8a06db2a449,19081.43,50,3.6875
1660ad786c27fd935378b6192a90b417,1818.28,12,4.615384615384615
166e8f1381e09651983c38b1f6f91c11,109.0,2,5.0
167fd940acebc789debd6eb418c46e38,1178.48,5,3.0
1690cada046eb7e92c12f98b1f8a8167,1992.91,10,4.9
16bdc8cefd0e32a6f0824d296c5ad14a,61.08,1,5.0
1703bc09972dab9782e7a9194943b69f,356.11,1,5.0
1710c3aaa9c6b44ec3883ee0fe300e21,1226.55,2,5.0
17306570e772e7718c92a562d33f5f1d,9415.91,27,3.7666666666666666
173d56ffbd4c56cb80fc3615487d712b,397.61,2,5.0
1746c1ae87ac63d530c7c943d0ac42e2,252.35,1,5.0
1771297ac436903d1dd6b0e9279aa505,3466.4300000000003,28,4.628571428571429
1782ce2db72c3dda627d5e7c898104e1,2218.17,9,4.3
17908cf9b444ee34047cadd5c0f4a516,2495.41,11,4.545454545454546
17998cf586426bf0f2c3726cb0a4b211,115.52,2,4.0
179d859f51292aac5c10806a356f7af9,800.27,18,4.315789473684211
17a053fcb14bd219540cbde0df490be0,49114.409999999996,124,4.226027397260274
17ca9b9e9b9ef8fdb529001b49ebb50f,11998.82,115,4.03125
17e34d8224d27a541263c4c64b11a56b,59530.49,247,4.2015503875969
17eea220a40cc0d2c0c5346379682398,951.98,3,3.6666666666666665
17f51e7198701186712e53a39c564617,57812.43,56,4.344262295081967
180c3376aff0e43dd5788709df48a843,4722.97,5,4.7
1835b56ce799e6a4dc4eddc053f04066,41628.28,417,3.614678899082569
1838dd9b8977065acf51d95e0053ea7a,3963.29,62,4.338461538461538
184725737946a1a938bbbd1a9e978103,403.57000000000005,3,4.666666666666667
184a67a8f9f63234d3a92340bbdb727f,436.84999999999997,7,3.9
186cdd1b2df32caa72cfb410bba768d3,1609.73,6,5.0
189ca3538ce9f920cacf0f982cbe223b,481.67,4,3.8
18a349e75d307f4b4cc646a691ed4216,9315.87,109,3.5196850393700787
18e694e0e48ed6f7aa3f24aade5fd697,1205.77,31,4.676470588235294
1900267e848ceeba8fa32d80c1a5f5a8,32679.54,406,3.8737864077669903
191d55f7edb8524d525ed01b20fe32e8,812.8,3,2.3333333333333335
1927cdb9fa74f5270097f6250e8e8f34,178.92000000000002,1,5.0
19484c79cef6c062cb177aa4ef2fcc3c,212.06,1,1.0
1961c3e1272bfeceb05d0b78b5bbfdaf,696.01,2,4.666666666666667
1976a05ecf2996d6ffb7b5430e635fe7,2190.66,8,4.0
1987cd4be10fe09ee50454f9c354d1c6,3135.23,14,4.25
198c7ea11960a9844b544d9bcdca860c,2225.38,25,3.88
1996942dc085d7773ba77a529b163cd0,2568.7999999999997,9,4.222222222222222
19a7c9f66ffa6452ff4b4c0cca71da27,338.74,1,5.0
19d62d484cba71963c93f0f00ab42013,162.59,1,4.0
19e0f40a907ec568c34bfac15de4f4a1,219.62,4,5.0
1a3df491d1c4f1589fc2b934ada68bf2,26550.63,160,4.245614035087719
1a8e2d9c38b84a9702ac7922924b0573,97.0,1,5.0
1a932caad4f9d804097d7f8e615baed1,5701.45,20,3.566666666666667
1acde099eb406aa220b1169b188b42da,458.5,9,4.3
1b0b0f4f95e962d6f32fe90c759d0479,163.17000000000002,2,5.0
1b1ae47a313a825a7ccceb8e2e30fa9d,2413.37,10,4.222222222222222
1b45169b635ef59425637e9a33eb5fb3,419.35,7,4.625
1b4b28463457a256e9a784ebe2a8f630,715.3399999999999,1,1.0
1b4c3a6f53068f0b6944d2d005c9fc89,17396.99,111,4.140350877192983
1b61fb1f0f2185d89e9a126c498e9cc7,65.81,1,5.0
1b65c144b17e607c0f37f10bb7dfec8d,1254.35,5,2.0
1b7e5006cb25dd23ce8686691013b121,2785.96,11,4.363636363636363
1b8356dabde1d35e17cef975c3f82730,4336.63,55,4.133333333333334
1b8b75e227c9a9c100d0c210fb6176ce,1648.49,15,3.933333333333333
1b938a7ec6ac5061a66a3766e0e75f90,4719.45,29,4.451612903225806
1bb2bdb95f4841f1bba2c0d2cd83d3c9,6023.93,79,4.573170731707317
1bb3812d5f0747a3ab7348f199001a10,1049.57,9,4.888888888888889
1bc2e21de46adfea6b98cc96b00f3b40,1142.55,3,3.6
1c129092bf23f28a5930387c980c0dfc,12550.189999999999,200,4.18348623853211
1c40343cc5d18c2d8248ac2f3366de34,2839.42,21,4.545454545454546
1c56ffe0e9dea2657fc6e95b53f40b13,267.39,3,4.333333333333333
1c5e4e49b9079480255b49d50aac1aa9,11062.72,12,4.333333333333333
1c68394e931a64f90ea236c5ea590300,27729.16,142,3.9298245614035086
1c742ac33582852aaf3bcfbf5893abcf,113.69,1,5.0
1c83418358f249c9d6affa52d579db0e,39.42,1,5.0
1ca4bdb0cd7fc48e949bac066188ed26,1503.4499999999998,3,5.0
1ca7077d890b907f89be8c954a02686a,13996.65,108,2.2698412698412698
1caf283236cd69af44cbc09a0a1e7d32,1530.25,33,4.54054054054054
1cbcd2ee0afb3fc09963b87eb65e7e4f,130.64999999999998,1,5.0
1cbd32d00d01bb8087a5eb088612fd9c,1289.53,11,4.25
1cbd50a8c52e6cf8e315c5709fab386f,1006.6600000000001,9,3.7777777777777777
1cbdc7cf130a41fd13a3c2a7d2fcfda7,225.61,2,5.0
1cd9e0cc1839d55516843def5600816d,926.72,5,5.0
1ce3ae5a399804d1a87e706f8a813c3e,3416.69,40,3.727272727272727
1d0646a72178a6fb37ee8082140e06ec,97.62,2,5.0
1d0997ff06b524ce9289ffd75114ecd3,3873.57,3,3.6666666666666665
1d139e3a3b14025640d8df1b230aace0,71.18,2,3.5
1d1bbb8ac1581824986f582583fff01d,226.47,4,3.5
1d2732ef8321502ee8488e8bed1ab8cd,1228.1799999999998,4,3.2
1d29dfba02015238dfbe2449a5eaa361,789.92,12,4.5
1d4587203296c8f4ad134dc286fa6db0,2941.91,40,4.365853658536586
1d503743d2526f03f0c2c89540ee008c,720.53,12,4.235294117647059
1d8dbc4f32378d715c717c1c1fc57bae,13291.14,91,3.9263157894736844
1d953075c2f0dd990bacf27b83b330f1,78.32,1,5.0
1da366cade6d8276e7d8beea7af5d4bf,8036.599999999999,42,3.978723404255319
1da3aeb70d7989d1e6d9b0e887f97c23,12867.08,261,4.080495356037152
1dc2de47ee26a0a5b12dc14fd6dc0dea,2287.5,25,4.518518518518518
1dcfa3835714681d4ba4a93bc1e0fd41,1483.48,12,4.076923076923077
1dd33b8119b3cb1056ed5dc88cd0aaf4,1641.74,8,3.75
1de62b6f2fd96227629786db492433db,237.53,2,5.0
1dfe5347016252a7884b694d4f10f5c4,2052.54,20,3.1923076923076925
1e26c56af8d48424e1df0140a2401f83,292.39,2,5.0
1e47d8b6546eb3a77b1acddcc9406242,166.71,1,1.0
1e47defeeadeca0e9a18fa5a9311e735,291.62,3,5.0
1e483cc5c76fef08d3ca05f9a8af7d01,268.37,9,4.4
1e8b33f18b4f7598d87f5cbee2282cc2,19924.07,122,4.306569343065694
1e8c6a4c538f286aee9573239740a4b4,446.82,5,3.8
1e9d5a33694bddb76316fd1f54734d20,468.94,2,4.5
1eade46fba20122dc4aefb379f8c636b,4673.71,58,4.306666666666667
1f1bb1f0859883505541bdd6606193e5,16562.87,27,4.310344827586207
1f2eebc0e970fd3c463e4f5d9652687a,53.47,1,5.0
1f50f920176fa81dab994f9023523100,141712.94,1399,3.9932221063607924
1f7dfad2cb384ea4d2d7e1ffbd78c407,57.29,1,1.0
1f7fd2a6fcd5a6fa5d8a4dabc72aaae0,632.68,3,5.0
1f867308a0ce13133a4e639ff4de0c02,1084.92,7,4.538461538461538
1f9ab4708f3056ede07124aad39a2554,15692.65,76,4.105263157894737
1fa2d3def6adfa70e58c276bb64fe5bb,15.9,1,1.0
1fbe10c70e30765ed1de86d9f7e98409,158.10999999999999,2,1.5
1fdc574883ef3b33ad41562d93f3a74a,4524.27,18,4.444444444444445
1fe5540d7c1c37a595fefbacd5570d9e,5118.75,20,4.28
1fe61aa5494bd3ae92a2c13e067c810f,638.5799999999999,1,4.0
2009a095de2a2a41626f6c6d7722678d,582.43,8,3.9166666666666665
2039c5e51785b5dde7cf93ccb3b7be2c,173.68,1,5.0
204b4e07bddef3c9b317f70189135b22,88.13000000000001,1,5.0
2059c39f76271d4ca3f15b5ffaccc8b8,791.29,12,4.5
20611af7866c6068fd5ae1f9dbe15c92,334.3,2,4.5
2063dd1b9f568df1c16741ea7d3e6adb,820.27,3,5.0
2075d8cd4dd63ff12df0749a5866bb06,242.23000000000002,3,5.0
2089a6d640999f9b9141ac719b2af596,8316.63,41,3.926829268292683
20a7efa9721046319bdde5d60b6b5365,596.59,3,5.0
20a8b0dc55da94fe74d112082427c84f,531.38,7,4.285714285714286
20b54c376b794ed028df09a3cd88e8dc,1042.07,7,3.7142857142857144
20cb7c2fde3e5bf10f0bbe7394e1c6a9,1625.1499999999999,31,3.9
20d53aad4fe5ee93a64f8839609d3586,26.98,1,1.0
20d83f3ef0e6925fd74bfd59170babf7,3557.21,40,4.351851851851852
20f0aeea30bc3b8c4420be8ced4226c0,29.42,1,
2138ccb85b11a4ec1e37afbd1c8eda1f,17991.89,388,3.916267942583732
213b25e6f54661939f11710a6fddb871,18486.96,152,3.823529411764706
213fafb0ca06fb3d5886579c2565791b,216.86,3,2.3333333333333335
2156f2671501a81034d7d07f217609d0,3302.99,21,4.0
217f005bb37ff3aeef5b2ae1788e75ba,80.13,2,4.5
218d46b86c1881d022bce9c68a7d4b15,61162.94,382,4.172248803827751
218f991754f360af9c2daa5e0b8e990c,3819.54,14,3.5294117647058822
2199e7fe213c16213bf5d6a7eadc9a5d,4309.1,24,4.4
21c62b998a043ebe31161d38f84929fc,841.33,4,4.5
21d59342ba150175ca2aa4f8faddeca6,334.29,2,4.5
21e83881401b92b49fb09a16d3852291,3606.09,12,4.769230769230769
2235cf78d3e2073a88146a9cb60f0dd0,204.76000000000002,1,5.0
226b05fe067266c59c15dae208213d06,1245.58,10,4.181818181818182
228e4c1a0be164f613d41c24345f9d2c,769.44,5,5.0
229c3efbfb0ea2058de4ccdfbc3d784a,17779.71,118,3.6433566433566433
22a23e5ac7061fc538cc2a019afaaf16,109.42,1,3.0
22c32ec35d0116ef02c281798a25bf8b,210.01,4,3.5
2305ab43e846518f58dd9d59f3f54e96,831.26,3,3.6666666666666665
232a6014e7b10cba61c6c2b2ea6bb4b0,5017.04,32,4.085714285714285
23613d49c3ac2bd302259e55c06c050c,6227.14,69,3.6923076923076925
236585a4ddb5fea9fa40233e2249ed91,837.67,11,4.090909090909091
2379bdc3888025689a9deb7b141507d5,1125.61,9,4.333333333333333
238fac594e170b59c6d228f5a4f4f1d9,4545.5199999999995,29,3.9655172413793105
23a0ffca143a15b9b5bbdb7d552f626a,4304.28,23,3.9583333333333335
23c38debaffe4a25a30fdbd9b586a13f,6216.5599999999995,41,4.304347826086956
23ca5f678e0b3ea6c630b30fa8bf51ea,279.39,6,5.0
23d7c96d4a1160db1c726b248601b25a,11947.17,50,3.92
23ff42c4bf1f8f16cddb19d8b972974a,227.67000000000002,2,4.333333333333333
240b9776d844d37535668549a396af32,14171.65,35,4.3428571428571425
244b04680fdbded0acf5aebd9c92b44a,1788.7900000000002,2,1.0
244c2f1bff6afe1f2eaf9bfe9b2aed38,3794.87,23,3.6296296296296298
247587846358bb1d2e4c6522020b36fe,121.51,1,5.0
2493dc3f20131696a0ecdb9948051a8d,575.0699999999999,4,4.75
249f0e9905a6e06ad6c6bea7547ab9f6,386.99,3,3.6666666666666665
24a6daf925d9d591870a66660416de31,90.08000000000001,2,4.5
24c1de8d9551c0b4fbc53317d53efda8,412.12,1,5.0
2528513dd95219a6013d4d05176e391a,36400.97,160,3.96319018404908
2528744c5ef5d955adc318720a94d2e7,6508.7,5,2.4
252e76235acb79183cfca6e34f13337d,321.77,3,3.75
253c025bab43881055aeecde5e2d8b77,124.33,2,4.5
253f95b3a0e6983ae18aed49fbc2b845,890.94,5,4.4
257e61d3251fb5efb9daadddbc2cf7ca,8806.18,12,4.75
258447aad3f7b01e2643c89f64dc5647,71.45,1,5.0
259f7b5e6e482c230e5bfaa670b6bb8f,11087.42,136,4.267080745341615
25be943a321c8938947bdaabca979a90,574.63,3,4.333333333333333
25c5c91f63607446a97b143d2d535d31,61154.7,156,3.7471698113207546
25cf099de44674fde97473224f9d59ab,2359.55,50,4.326530612244898
25debeafbce801fdd479539350185eee,324.97,5,2.6666666666666665
25e47381a6c510ddeb36084e33b89f0c,1571.71,16,4.0588235294117645
25e6ffe976bd75618accfe16cefcbd0d,13239.8,106,4.417391304347826
262237171f48e85819065498cac80d7b,749.0,4,4.3
2646baaf662d4d92ac48f047e35db92d,1549.3899999999999,15,4.555555555555555
26562f211dd1364af2a8596dc945e8ae,115.11,2,5.0
265fdc289dffa9f1ad801c74f7d0de47,546.55,1,5.0
26785a546900236d66f2e4197c211158,1244.65,15,4.666666666666667
269c5fc9fcadee614364c3620c30a1f9,254.71999999999997,3,5.0
269cff2d3c8d205c11f37a52402ea93b,1415.0,4,4.4
26af45f5dfd967225a832838aa4e24a3,771.61,10,4.181818181818182
26b482dccfa29bd2e40703ba45523702,412.41,3,5.0
26bad72add1f86e08a776ce4ffdaf1ca,745.9200000000001,7,4.428571428571429
26d6bbee02420494d471c9f6436929c0,681.6999999999999,12,4.6923076923076925
26d8a1c7c75d513045798992ead43aa2,6590.46,34,4.333333333333333
26e13b6ff5b641b329e5524241ee2c93,189.68,4,4.0
26e2c91ef821e1ff8985f408788fe35b,1923.8700000000001,12,3.0
26e2e5033827d2ba53929f43e03d8ffe,154.78,1,5.0
26f6b7ab07be3e9e69ce82a6552efc19,80.75,2,3.0
270297ead4c65a6cd2593960d2af6b21,9881.76,17,3.736842105263158
270572bb714b00531be85e16e1550f26,111.75999999999999,1,5.0
2709af9587499e95e803a6498a5a56e9,1730.29,25,2.6
270d3ef21830ad0ecf3a6c53d08a533a,688.61,5,2.2941176470588234
271b8923c6a549e02d3c9fd1f8c0422b,118.59,1,4.0
271c58a1d139c45eaf3316107c6d3a3b,4232.55,27,4.185185185185185
272f092de69afedd4d2969440b37f18f,2374.46,25,4.081081081081081
2745f798279e0ed033addcc1474776d7,4364.99,32,3.967741935483871
276677b5d08786d5dce7c2149dcce48b,4189.45,31,3.888888888888889
27a56ff04b34c2ba34ce6ba4d3b9d616,452.27,8,4.125
282c7480173bb9c01dd41cc739fec010,4466.3099999999995,5,4.428571428571429
282f23a9769b2690c5dda22e316f9941,8331.05,98,4.330275229357798
28405831a29823802aa22c084cfd0649,282.83,6,4.5
28872dc528e978a639754bc8c2ce5a4c,1038.9,1,5.0
289cdb325fb7e7f891c38608bf9e0962,15486.07,109,4.592
28a26ebce31d5918b181ede016fd693b,47.04,1,5.0
28c7d8743fbc8679f484868cc0fcaefb,270.36,3,5.0
28d162ab86bb49d719c32f0ee6186eaa,127.19999999999999,1,4.0
28ea411b354f14b1a494be4e79f0ce02,896.9300000000001,6,4.666666666666667
28f10b1c5e5abb9d4857745bede6147c,1185.42,28,4.0
28fb0829fd777877cdc350d25cb5bd5b,321.88,2,5.0
293dee954235e4e4e43f129313625ebe,2019.22,8,5.0
2953ce3a88f5e3c3b696d77fc9e4c8eb,631.32,14,4.666666666666667
296729ffb9b684050dd24836dac4494a,149.61,2,5.0
297d5eccd19fa9a83b2630071ff105e4,976.73,8,5.0
299c89a525fee36c567f4fe72f038100,242.67000000000002,1,3.0
29c322e3f09f886f8bacbe91dfbd979e,105.57,1,5.0
29e6e05b65f93bc224c644319dc52ecf,558.9200000000001,4,4.75
29fe9f200d3fa0c668d2aa1ec7e08dfb,514.16,5,4.0
2a1348e9addc1af5aaa619b1a3679d6b,3424.77,48,3.04
2a167ca73899c85001a837d8fb4962f6,4197.62,2,4.333333333333333
2a261b5b644fa05f4f2700eb93544f2c,7396.7300000000005,51,3.341463414634146
2a50b7ee5aebecc6fd0ff9784a4747d6,264.24,1,1.0
2a5b78b41cd05baeac8df54c6606b92c,16575.47,46,4.303571428571429
2a61c271b1ac763450d846849783e922,1969.04,17,3.6818181818181817
2a6fbeaa7ab9e5d59a35841a8da71ce4,2265.28,30,3.9310344827586206
2a73cba571d90c694b7caca072ccf6ce,381.47999999999996,1,5.0
2a7c6c0b0d5efde2bf75ec1e1cec2d41,192.04,3,3.3333333333333335
2a7dc43cecabf23403078e2188437d1d,5629.62,52,4.092592592592593
2a84855fd20af891be03bc5924d2b453,18265.72,155,4.360759493670886
2aa3443d7bf9d9bb11133f420d75e083,781.12,10,3.0
2aafae69bf4c41fbd94053d9413e87ee,123.87,2,4.5
2addf05f476d0637864454e93ba673d5,4877.64,12,5.0
2b03ac196f5ed62ac483960fe0fa3b65,935.19,7,4.142857142857143
2b1a40c1daabc6ca280c4b815c101841,14175.74,22,3.787878787878788
2b2fed75b8e5ea3a052fc4c0825da485,570.83,3,5.0
2b3b9ce054da76a7428df143a567b156,363.28000000000003,5,3.1666666666666665
2b3e4a2a3ea8e01938cabda2a3e5cc79,24535.1,52,4.388888888888889
2b402d5dc42554061f8ea98d1916f148,363.78999999999996,1,5.0
2b5ed0c9139dae8883a200dfcb272ece,144.75,4,4.25
2ba91c7ad80ff88b23b7db823b43c233,840.33,6,3.8333333333333335
2bd05d410a8fd26dc4184a15f4f2f588,1515.27,6,5.0
2bdb95a56a36ebbc6640337ac5eac174,107.9,1,5.0
2be17df1c49978426251562096c3cc09,2477.55,16,4.1875
2bf28e311bba65237358230cabac3f15,477.88,7,3.875
2bf6a2c1e71bbd29a4ad64e6d3c3629f,51629.49,30,4.193548387096774
2c00c85d30361cd2ced2969cffbbffa3,57.51,1,5.0
2c2c9832d1bb38c5b0034a3b47d313ee,68.35,1,3.0
2c3d56f92f360fb89d849b84e8f50eae,536.86,7,3.4285714285714284
2c43fb513632d29b3b58df74816f1b06,930.17,3,3.6666666666666665
2c4c47cb51acd5ea5db5e0ae0e26542a,2917.37,12,4.6
2c538755f1ca9540af144f266e70df6c,359.91,1,5.0
2c54051840f19eca309a5423cf22df36,52.269999999999996,2,4.5
2c9005d8043aff18b8557ffb7b13cda4,129.64000000000001,1,5.0
2c9e548be18521d1c43cde1c582c6de8,8470.09,124,3.9523809523809526
2cb4700db635baa1c0d4f90ed27b6669,228.72000000000003,2,2.0
2cb6eb1b7185064167657fa09f541105,1382.68,6,4.428571428571429
2cb98e27ce1c18abdb42209b34c382a7,119.7,1,4.0
2d20f1cd18725c91147da0791d498022,119.69,1,5.0
2d22fc3089eb907b29ebff50581fb472,377.39,3,3.6666666666666665
2d2322d842118867781fc737e96d59a1,281.37,8,4.9
2d2c62bef4c8ba0dd74e0e228e808539,4230.4800000000005,16,4.125
2d34636518ba88f5349b732fcf8ba2e4,168.63,1,5.0
2d378dbb39815785238c0139c7647fb7,1454.44,2,5.0
2d42ebcda99fd55f6f4bc2f1ca035d50,1203.97,10,4.0
2d50d6282f8aa2257819a77bfaa0efe0,3762.65,42,3.744186046511628
2d518637f53161b973e01f56ea4bb88e,1539.7,13,4.923076923076923
2d8cfba3fcd3170555941605edaa196a,55.96,1,5.0
2d9e8987a2ea5cf88dce330249043ff1,344.17,2,4.5
2dcf93836ae3ce0d7c93e2f10876467a,1622.44,9,4.166666666666667
2dd1fb6f0e42a2243b8a01e40cd41216,767.3199999999999,3,3.0
2dee2ce60de9709b1a24083217181a1f,9844.56,54,4.363636363636363
2e0dba2da448400b1c11d7b4b22f32a4,407.70000000000005,7,3.769230769230769
2e13c71026e1a39ba5cc1b86dcb679aa,4310.21,24,4.25
2e1a7d075abe038c1b2743005fe42ff1,1711.69,18,3.8181818181818183
2e1c9f22be269ef4643f826c9e650a52,14491.52,161,4.234939759036145
2e2f44824ab87a0cb961f68bf4073e7f,65.93,1,2.0
2e3be8a987a30d7544dbbda6861cc14e,2750.91,14,3.6
2e7ea2aafec5835e781b21d6d1faf1f1,646.62,7,4.5
2e90cb1677d35cfe24eef47d441b7c87,16782.16,127,4.036496350364963
2ea0861cc19e94cad86438c984c52da4,228.05,6,3.3333333333333335
2eb70248d66e0e3ef83659f71b244378,42046.73,187,2.8092783505154637
2ec6e37d992a95eaddb3369dcbcc76d9,183.94,2,1.5
2ee0a0689f2f6a72f35a7cb6033f6e7e,324.84000000000003,4,4.0
2eeb6531ee027a48d401e72bebdd87d3,78.7,3,4.333333333333333
2ef086a599b597572aca4433b7ed6b3d,64.1,1,5.0
2f09f7d37a97956d11cc1a7cadd5262b,751.91,7,4.125
2f1e7b90e01d9f086cbcb301c0c3d406,71.66,1,5.0
2f3d8b4c9e2ee165075331fea3f3095a,147.35,1,5.0
2f4b0d3b9634b647d4edee577d7ebb7e,422.31,10,4.909090909090909
2f4b9d112bfa44a214bc6cef085d17c8,413.26000000000005,5,4.333333333333333
2f73e04d12cdf0c945ded66bb3fcf6c7,1460.85,3,3.3333333333333335
2f74af7a0ee5636f12c2336f9fffed47,724.4699999999999,13,4.3076923076923075
2f9b7ce230a057a98a9f5df5893ee36c,171.85000000000002,2,4.5
2fa13c8bd5705d279f7ed5cc9ec61c68,148.7,2,5.0
2fb25ab44bdbeae6a4d816e0d0c9d500,761.29,5,4.8
2fdde51ad3e12f297da656d4fbd5d0b5,6354.92,9,4.777777777777778
2ff6b7bff164ef05590a52734e1296da,1955.12,7,4.714285714285714
2ff97219cb8622eaf3cd89b7d9c09824,5698.7,87,4.553191489361702
3076499bbc033a927bf4a8a41bcf7fd4,483.63,7,4.444444444444445
3078096983cf766a32a06257648502d1,9281.09,56,4.295081967213115
30829ded4523ab9224b93bc49a62c95f,7549.71,18,3.5806451612903225
3092c0b297aacfb4bb6e056ebe13b9b8,1498.28,16,4.176470588235294
30a2f535bb48308f991d0b9ad4a8c4bb,5815.36,71,4.252873563218391
30a81d8cf85fb2ada1b1b094c9583a95,1413.52,17,4.85
30c7f28fd3a5897b2c82d152bb760c17,2160.4700000000003,6,1.4
312ba1d77e9c332ef21f9598b7f64cd7,615.41,7,3.142857142857143
31344c16881c08a8a72c6d2eb29918c1,11574.35,42,4.428571428571429
31561f325664a8a7aba4c8d0c3a9b3db,3329.36,36,4.578947368421052
318f287a62ab7ac10b703ac37435a231,3529.52,51,3.918032786885246
31ae0774c17fabd06ff707cc5bde005f,7570.67,11,4.0
31be790e64fc99f8ff48ec2bd18a3104,313.68,6,4.333333333333333
31da954dc0855f2495c6310f70a2f931,5032.71,29,4.233333333333333
31e60bf8d103ce47932a85f5562deb16,239.04,1,5.0
31eec405c9bb71dec8e2629a92e764fa,427.13,5,4.6
323ce52b5b81df2cd804b017b7f09aa7,2767.65,29,4.428571428571429
324583d68897f5ddbaf38f6248322176,127.99000000000001,2,1.0
325f3178fb58e2a9778334621eecdbf9,1433.3700000000001,36,4.456521739130435
327b89b872c14d1c0be7235ef4871685,1258.8,3,2.3333333333333335
3289d8c3eef4873f91ce0b1343c0dd58,219.27,1,5.0
328acb143b4a73aad6bee8e734f5d20d,734.75,2,4.0
3296662b1331dea51e744505065ae889,545.51,1,5.0
32b8764b4ef628b53608fc34011fcc13,11854.42,36,4.2368421052631575
32e5635e63cb374eb63afdd242fb6134,927.82,1,5.0
32f1bb9dfa65bc7df5c0d9d95a616be4,294.8,4,3.4
32f83ffe11cd40f7adcf4eef171f52d9,45.089999999999996,1,5.0
32fdd5d44ecb43dfd6a24b9369eca144,617.88,8,4.375
333c4210e76a1aa2ab817b99437e3ff1,402.42999999999995,2,5.0
3340ef1913fb70d28420f6ceb685c339,7481.55,32,4.333333333333333
334cab711dee080b079fa5779b584783,1421.37,11,4.961538461538462
33576ec5412fb5905d876f12f33bfde6,3287.98,31,4.125
3361277dc30b7cccdb0c286b24219756,4540.9,29,4.214285714285714
3364a91ec4d56c98e44174de954b94f6,3853.8500000000004,6,3.8333333333333335
33a17d60c64393351ebf1ef860f4e0f2,9431.86,43,4.617021276595745
33a6f4b1e7cdc205511e76ba1b6e0186,12183.91,105,4.357142857142857
33ab10be054370c254ddfcf0a6253422,265.53,4,5.0
33ac3e28642ab8bda860a2f693000e78,4151.12,34,4.228571428571429
33c51922b6e3c16b24a8f28e5833c99d,7025.88,18,4.277777777777778
33cbbec1e7e1044aaf11d152172c776f,1129.5,15,4.6875
33cbda8716511e27e556dff9d8418bf2,615.57,5,4.833333333333333
33d677f27a69b84051204ee4ae76eaca,338.49,9,4.6
33dd941c27854f7625b968cc6195a552,7168.41,5,4.4
33fd411ed63a7c2f9005e3f065d9f85d,43.129999999999995,1,4.0
34056b8b55c1775a22af2331670a799c,8150.21,77,4.038961038961039
340636a908b13bbe0f4fb63fbe1d0c03,526.5,3,5.0
343e716476e3748b069f980efbaa294e,1234.7,17,4.0
3442033154be05bac582e173ef54fd12,169.39,1,5.0
344223b2a90784f64136a8a5da012e7f,27.689999999999998,1,2.0
3442f8959a84dea7ee197c632cb2df15,246.60000000000002,3,3.0
34675b28b826facfde119785bf287dc1,37.089999999999996,1,4.0
3481aa57cd91f9f9d3fa1fa12d9a3bf7,2547.17,25,3.88
3492e68f37fd1df87f4f2f2ea247f445,957.26,8,3.5555555555555554
34a557286ead8fe75c989e0afcf7d98c,473.46000000000004,4,4.75
34d1ca11b242c0fee2c834ae8d788566,14404.28,40,4.3
34f563c82a85b99ae9e6d60db5fc2e28,2578.5,8,4.625
3504c0cb71d7fa48d967e0e4c94d59d9,3037.31,53,4.415094339622642
35281d148dcf7134bae913c57db4e6da,137.01999999999998,1,5.0
353e21e8bf8de2722b4fae1636664b76,299.89,4,2.5
35857757f553273b1056c1cabdace7fb,573.34,6,4.0
3586b8580d9c917874e053a1bb37b5ff,2352.35,36,4.441860465116279
35b96509602ec4b7da831b5cd73ff2c2,606.45,2,4.5
35ef5aa32949680f627efec3c23e705c,518.41,4,3.2
35fb511489d9ee3ee27a76debce9df06,586.79,7,3.5714285714285716
3606774ec64634822d78dc2db6d37045,196.27,1,5.0
365e445f796710c3431557e85caa25db,1194.3,4,4.4
365e4bce19bda0082c3d15d83fdb8bcd,895.02,6,4.714285714285714
36890be00bbfc1cdb9a4a38a6af05a69,1600.88,13,4.230769230769231
36a968b544695394e4e9d7572688598f,8917.7,148,3.7243589743589745
36f98ad67cc981f50ce8aed093d5783c,158.62,2,4.0
37303482a42fb700d8d127e70a9cd6c8,67.00999999999999,1,5.0
373ee4a3a775a733770ca3f790b8b9ac,2431.81,13,4.0
37515688008a7a40ac93e3b2e4ab203f,9350.75,227,4.0928270042194095
376a891762bbdecbc02b4b6adec3fdda,7693.63,57,4.672413793103448
376d67b61dce0c990155286e7ae486a4,111.91,1,4.0
3771c85bac139d2344864ede5d9341e3,1842.26,26,3.566666666666667
377bc18334c78dd2f1535ef22a3ad225,224.44,1,5.0
3785b653b1b82de85ab47dd139938091,2033.27,21,4.75
37be5a7c751166fbc5f8ccba4119e043,60756.76,269,4.327272727272727
37dd29b36c458d82f74a953c40c43645,5016.43,7,4.0
38102b031c2a15e54623d711bfc753d3,726.21,8,3.9
381c83fdca332ea6afd896da20bf6e4a,8355.01,46,4.391304347826087
382229d1e840115ffe3dbf5ff460e417,4890.33,45,4.3125
385799a1cddbd26dfeb9157356a42282,626.72,4,4.833333333333333
38874e327ce94d11390b96eb42d61928,4158.43,6,4.0
389e45560e33d2d0747f949dcddbc08e,47.43,1,5.0
38af8acfd46ac4a7bf754e8ca6736664,397.94,5,4.8
38e679b9e0064cd94c6f035707344dae,4336.62,27,4.148148148148148
38e6dada03429a47197d5d584d793b41,803.05,7,3.3333333333333335
38f276ca6e7cc95a6d1bb55ac9e5550f,36.839999999999996,1,5.0
3903c788ded8dc03b5ebab37a2f3e9a1,171.25,5,4.0
391bbd13b6452244774beff1824006ed,81.6,1,1.0
391fc6631aebcf3004804e51b40bcf1e,49559.14,521,3.98
392353362d22cc2c236e1ee81ff19890,480.66999999999996,5,4.6
392e0502231ae2f8b29994ef6398cd77,1882.79,17,4.352941176470588
392f7f2c797e4dc077e4311bde2ab8ce,88.56,2,5.0
3935fe5fe0f82787a9dcb8deb62be09d,2101.35,16,3.9411764705882355
3968920b9aa752ab98f7d5888c9252f2,681.01,8,4.1
3969863bb8af7f72580b3b1ffd3a17b3,850.02,12,4.0
397c4d0c005b6f41f90098ac724e28cb,8622.37,5,4.4
3985a3c45be355a4c57fde108bfabd1c,516.2,7,4.125
3986c0b54f6b748b75e7bd4e092aa3e5,40.269999999999996,1,5.0
398cb257329ef7af7f1943a8974a3cbc,161.37,1,5.0
39a5005f2605cbdb4f9ac14485cabfd1,733.66,3,5.0
39c763cca83e654764b7a4a650fb9b7c,984.21,11,3.8181818181818183
39d54ff918774174706fb065d7f9dc07,1902.72,22,3.9166666666666665
39d61be7a92eb77b7da367bd4845bc0e,909.62,7,4.214285714285714
39f776d2974049026ff531fc42ef2a3e,1174.41,3,4.0
3a1a1fec38dd360f15fc912e821e169d,2378.63,15,3.8666666666666667
3a3c180dd702a725bd0ba4117689239e,77.38,1,4.0
3a3e46d10f74d8a6ca76e2b538f106a0,366.57,2,4.8
3a4127e1ba7208ea37044c5092aae170,1924.1499999999999,5,4.0
3a490ba60afa30ece0e7d50cfe74a4f0,1695.0700000000002,8,4.625
3a52d63a8f9daf5a28f3626d7eb9bd28,52.78,1,1.0
3a734b715d333a2588a3d54a0c9b8746,2469.82,15,4.666666666666667
3a79f35a2344ede41af21267f61d5ec6,217.71,1,1.0
3aa3c89ae3cd482385568be76120f63c,48.94,1,4.0
3ab971ce71839580d2ae5b4e40fe8044,5797.25,35,3.888888888888889
3ac588cd562971392504a9e17130c40b,19.29,1,5.0
3ade81dab5a172b88e1871c28ae05260,6821.59,28,4.241379310344827
3afc536624bc2e65bddfb5db33cc01f3,419.07,6,3.5
3b15288545f8928d3e65a8f949a28291,16164.88,101,3.948717948717949
3b18f9856c6eb2413eafedb58e9eecd9,335.09,1,5.0
3b872fd4747f01cc56206f2934198618,3843.11,25,3.888888888888889
3bb32fedaa74e4ad20f4ce067733bd31,162.56,2,4.666666666666667
3bb548e3cb7f70f28e3f11ee9dce0e59,8586.81,46,3.981132075471698
3bdff180c7e1f6551a643b99c265a120,4012.08,56,4.175438596491228
3be5841cdcc46de4ed3f9116f104b2c5,687.95,4,4.75
3be634553519fb6536a03e1358e9fdc7,7034.75,80,3.9894736842105263
3bfba5a77604f6dfae7e6dd7aaf65821,2218.19,4,5.0
3c010235b7345c92f125d14ee232a76b,4005.32,15,4.666666666666667
3c03b12bab54d8b37d79d914bfdb1aa0,4919.7699999999995,37,3.880952380952381
3c3017960b2dbd72711a61f0400aab8f,1107.6200000000001,9,3.888888888888889
3c487ae8f8d7542beff5788e2e0aea83,10105.35,30,3.909090909090909
3c4e0452bff7a2a788179488d3d77032,4352.52,32,3.742857142857143
3c7c4a49ec3c6550809089c6a2ca9370,5799.21,139,3.7341772151898733
3c88ed2e76a2247933a15daa7161eb1c,306.2,1,5.0
3ca08eeb8d5595949fed424bd3677742,2137.98,13,4.6923076923076925
3cfa1358a6caa965278721344c8d76f2,3221.5299999999997,5,4.8
3d01d1c414c44b5943a09619ff3853cb,376.82000000000005,4,4.5
3d0cd21d41671c46f82cd11176bf7277,622.38,9,4.7272727272727275
3d2400ac620cffa23ac81bd192f7f555,113.9,1,5.0
3d2531eccfbde1d7c8db7a3a12fb267a,2212.6,10,4.222222222222222
3d290fe363c60a77498c1126fd3fb8d3,234.04,3,4.333333333333333
3d39fbf22a665714baf62fae36029e23,2634.83,8,4.75
3d3ccf2b2f8134b10dce9dd446f0e075,750.53,3,3.3333333333333335
3d4824f20035949c710eaf111f869d39,575.5699999999999,8,3.7777777777777777
3d49bfdd1b43a7fe169b3740067acc61,276.82,3,4.666666666666667
3d4b1ae7539303b5704493798893e82c,1221.69,6,4.666666666666667
3d5d0dc7073a299e31fa718ce1bc00b6,1027.12,21,4.2727272727272725
3d621842b2ed28e2b474132480edac3c,997.1400000000001,8,4.625
3d62f86afa7c73be2628a3be1423f5a0,54.42,2,4.0
3d68c634a99a1ba46dbca3967a69c623,857.7,2,5.0
3d700782d7818f2c1e0d7a9e9d75fc00,235.11,3,3.6666666666666665
3d871de0142ce09b7081e2b9d1733cb1,115515.65,1064,4.150134048257373
3d8fa2f5b647373c8620330c4e077a9f,4295.719999999999,42,4.186046511627907
3da38366e7bd9baf6369071f782ecdf0,86.43,1,1.0
3db66a856d18a9cba7c9241fc5221c50,11522.66,94,4.195876288659794
3dbbce181edfaa4a597ec858c382d2ec,1288.57,17,4.35
3dc69bf2c42f0568a5c4791ec3fd3745,167.62,1,3.0
3ded4e2d5f135cb103e5949d7263d2dd,62.379999999999995,1,5.0
3df020b72d3d44b3af9d110fa3940b65,6749.469999999999,55,3.9504950495049505
3dfd3dc96f7f8598eca74e9ac8a2fa31,258.7,6,4.0
3e35a8bb43569389d3cebef0ce820f69,84.67999999999999,1,5.0
3e46a38ee171c503c3b4a3f23fe3bf0c,69.00999999999999,1,5.0
3e51f9cbe317bc3a88f2c76583811ee4,84.78,1,5.0
3e8bd881d92466e63ba9e3e809cd3c50,2049.81,8,4.625
3ea00e1dea2b0659dbaf654735929220,649.97,7,4.857142857142857
3ea08c48e851106d2f584349daba335f,192.94,1,4.0
3ef37b7ca6dd2b80bd8af81a62504996,740.97,2,4.5
3f0e48d209018b466fcd3bb4ccfeb520,5654.8,9,3.9
3f2af2670e104d1bcb54022274daeac5,1334.18,6,3.5714285714285716
3f3486b61f45078d4f31ee5e43d8c5bb,4653.13,39,4.333333333333333
3f8034bfc6b8b4135534975d49f04c63,1522.93,11,3.357142857142857
3f84fefc07dc159b268d4a77d3e8c425,251.92000000000002,3,5.0
3f995f07c49d0d55a99d5c54957f7d81,4627.2,43,4.209302325581396
3f9be91358837bff69df67edfa3e42e8,702.06,7,4.428571428571429
3f9c56764fabca627406093dcb3ef0b4,1014.95,7,4.714285714285714
3fac58ce0ad699020c7944d53c41329c,1427.97,10,4.5625
3fadb4cba4c35bce6a7eaf9872d5623a,277.52,3,3.2
3faf68a3b0af94b10bac70d86077be49,1442.0900000000001,7,4.571428571428571
3fd1e727ba94cfe122d165e176ce7967,3295.89,35,3.9722222222222223
3fe7120d6257285ac6a3ce7cb071ccec,228.26,2,3.5
3fefda3299e6dfaea3466ef346a3571a,225.21,1,4.0
4003520d80d0bad1d5623f7aa3c63cda,86.74,1,1.0
402916f742e5c740cc751493d9cf5053,1478.43,9,4.7
403aa86912527d730337ffcb0fb096ab,9164.51,11,4.0
4049512728d969bec69f84088b012416,550.27,7,5.0
404e1ba01358af4cd63f679b2c4d1fa1,551.73,8,5.0
406740ee611378a662d274c7d8c43c4a,1972.08,8,4.1
406822777a0b9eb5c50e442dd4cd3ec5,4449.21,44,4.355555555555555
4091f77d8c768fc3e81c20761471761d,1309.8700000000001,8,2.75
40d54b51e962dbe09cabbcfd33298dee,7323.25,30,3.903225806451613
40db9e9aa57f7bb151bcda6b0f9bdbb7,23823.989999999998,12,2.3636363636363638
40ec8ab6cdafbcc4f544da38c67da39a,157.0,2,5.0
411f3b52d857390502ee4e4d5ceabc2d,2182.7200000000003,21,4.2592592592592595
4125d9385a25e82d2f72d3a0fd55bc3f,61.3,1,5.0
412a4720f3e9431b4afa1476a1acddbe,2569.16,21,4.2727272727272725
4170f6a9367e6b5d6401d03ce6d54569,661.81,4,4.2
417a1e6c7321084d2a0ae0d023cfad93,61.379999999999995,1,5.0
41958cbd3335433c8740300e8cd600d5,40.38,1,5.0
41ab63a91b8b264e8c8780368bf1dd5b,2874.22,12,4.230769230769231
41b14765bd56c8ad10971074380f9c0c,514.63,8,4.1
41b39e28db005d9731d9d485a83b4c38,20064.52,187,4.20627802690583
41b86b552e54e3a7009596125aa8b167,1829.91,10,4.363636363636363
41c2bad7229b0c25e6becf179ebf63ff,971.92,20,4.956521739130435
41c9d3997dd3c072c31139dc5bb5761f,1110.54,3,4.333333333333333
41da412d33e8da4f22baf55cb1bde82c,1237.06,15,4.714285714285714
41e0fa5761c886a630994a55c12087e7,491.90999999999997,5,5.0
4200ddf1967c5e41e48db62bc6d4b5ac,1222.73,22,4.243243243243243
4221a7df464f1fe2955934e30ff3a5a1,1089.04,5,4.8
422be4cc81a457fdb46f47edeb968ae5,317.37,1,5.0
427165bf50f8ca07efc7bdc2bfcf1688,1692.9,5,3.2
42b6488f5b8246d9141712abd4b1b693,289.8,2,4.0
42b729f859728f5079499127a9c2ef37,5396.92,103,4.364341085271318
42bde9fef835393bb8a8849cb6b7f245,8341.369999999999,34,4.282051282051282
42d4b7e70819438f5ada61c965e92d7e,100.78,1,1.0
42ef3192a9ff87a22d1867b74b3ee205,1655.97,23,4.6521739130434785
42fa4ee7240e9b8eb4576358ec142ba7,4364.47,22,4.809523809523809
42fb44130ac3134cde8e35cf8ec7df25,69.28,2,5.0
430315b7bb4b6e4b3c978f9dfa9b0558,3414.56,19,4.0
4305fe92735c8a43d154ff6dd2b8d927,2999.64,17,4.105263157894737
431050a06a317f2b38168dec3dcd2b46,1576.15,10,4.5
431af27f296bc6519d890aa5a05fdb11,15103.050000000001,116,3.796747967479675
4324dd16853115efb0fd9d0d131ba6f4,1379.47,12,4.277777777777778
432c37c9dfba871172ec162e20118b8c,3614.7999999999997,44,4.290909090909091
432c67955c0acd1fd6b0b5d678766a71,449.65,1,5.0
43402bdf22aa2310e8f99e2f94f78628,837.1,4,2.8
4342d4b2ba6b161468c63a7e7cfce593,563.44,2,1.0
436bf27f2f18474fc6047702e9f8a866,44.42,1,5.0
4371b634e0efc0e22b09b52907d9d469,9645.01,101,4.4363636363636365
43753b27d77860f1654aa72e251a7878,66.28,1,5.0
4391ea5c5990502176a1dcda44a2373d,2484.3,3,4.8
439a47cc365d6e3bd526812ea9de3c29,1410.93,8,4.0
43a1d4bab73b816e44ef4e4facd9f9b5,205.4,1,4.0
43a5d4a57af536fddc96d08be3afdfcb,99.83,1,1.0
43b2c864251aa0ce4030c746984e088a,129.32,2,3.0
43f8c9950d11ecd03a0304a49e010da6,4807.22,41,4.560975609756097
44073f8b7e41514de3b7815dd0237f4f,21519.49,142,3.7466666666666666
440dd6ab244315c632130ecfb63827b1,15135.68,91,3.891304347826087
443d880f15cbd3572885e1d44bf2c478,125.0,1,2.0
4450bd8327d471c4a11a83d1445b1b62,214.56,1,5.0
446cc09cdbb130904da114e807dbec40,306.97,3,4.666666666666667
44717f64ec2a457979cf83c429077666,170.91000000000003,2,5.0
447d377bdb757058acb569025ee18a93,83.00999999999999,1,5.0
44ed138eca6214d572ce1d813fb0049b,185.8,2,4.666666666666667
44f091b5abab8018f682fce8124b85e5,389.18,3,3.6666666666666665
45213867cefbf2cd4c6177e10216a951,5389.16,14,3.857142857142857
4559697a8f7e637227c2eeaed843baff,4189.52,39,4.205128205128205
455befea1bb853c75ccbca94cff26e5c,42.05,1,3.0
455c5640e8c5bd1b2ee85c0158f85727,7186.89,8,4.5
455f46ef09a9e45667e2981df84b5cc2,48.209999999999994,1,4.0
457fe919b032a3f7dadba6fb92cf7855,1246.1100000000001,9,4.833333333333333
458c6fa920810ce2492da71bc26d9eec,862.37,2,2.5
458d868c9642f55f18f04e951a3fdde6,2822.75,2,5.0
45a3d05fb00435e52a28859dd03703b3,1323.79,1,5.0
45ba18c210d42734ec52c0c1c574e9ee,6023.7699999999995,35,4.052631578947368
45c20d94d9171b0bcfab3c955e47d67b,210.57,4,4.5
45d33f715e24d15a6ccf5c17b3a23e3c,5383.47,56,4.172413793103448
461ff5303b6c9c1a4a07f40c5aece516,161.43,3,3.6666666666666665
466222e777149751370e7e98fb623b0c,105.45,1,5.0
4677a5437afda5fa7140b927b07be1cc,3835.7,11,4.363636363636363
46dc3b2cc0980fb8ec44634e21d2718e,134162.88,503,4.263565891472868
46ef1a25845fc051c2998d878354810c,348.45000000000005,5,4.4
4736e9d642ef4257cd7622516931eb51,1449.77,16,4.15
47648caee88ccfe951fbb27fbf7b4cbe,1632.9900000000002,3,3.6666666666666665
478bfe564db21eeb44386606aa30b650,230.8,3,4.666666666666667
47efca563408aae19bb7206c2d969ea9,2791.5499999999997,11,4.363636363636363
47f55702f598c7c6cc8458b0fbc1c49a,94.77,1,5.0
48162d548f5b1b11b9d29d1e01f75a61,22151.83,66,3.8202247191011236
4830e40640734fc1c52cd21127c341d4,12502.42,204,4.183962264150943
48328ec9a579151d9cc6a86d4a59336c,1196.78,1,2.0
483ca627d131e18f988349b1655c0acd,283.73,1,5.0
48436dade18ac8b2bce089ec2a041202,14662.01,134,4.129251700680272
485452467ff670447e84a8370c3fc898,315.43999999999994,3,4.666666666666667
4867209cb29b56b92893d7bde3ce8012,169.15,1,4.0
4869f7a5dfa277a7dca6462dcf3b52b2,247007.06,1124,4.139473684210526
48985c61529077fa4f1e38bcff0f2ed3,1027.3700000000001,7,4.428571428571429
48b6c3f4c6a93171da04b75313f2130f,328.05999999999995,2,5.0
48bad451945f5227341793478d6353ea,384.49,3,4.0
48e5ee06fb2dc74df1c711a9b6dfac2a,102.30000000000001,1,5.0
48e954b2da4f6a750c844173b347ed40,556.81,2,4.166666666666667
48efc9d94a9834137efd9ea76b065a38,666.0,33,5.0
48fb026ed7455a42f5d3e9390ed5088e,681.27,9,2.888888888888889
49067458c68f7701fd334ce326accbe0,1621.5,17,3.324324324324324
4917cee8d902e13428c3ec4b1ca6f315,6178.34,31,4.161290322580645
491a5ada3aa1678414e990262c4bbdc1,1435.58,1,5.0
49383af7ab774e4e8f3000f49c83dc4b,902.23,8,4.583333333333333
4965a7002cca77301c82d3f91b82e1a9,16.36,1,5.0
497709c2976a8fa308730a2dec5b0726,94.03999999999999,1,5.0
4978a02ea9c8be7a9b5480680f40334e,2696.8399999999997,18,3.5789473684210527
499185655c29ecfdbfe776ef7cf875b5,106.33,1,4.0
4992e76a42cb3aad7a7047e0d3d7e729,3163.56,56,3.8767123287671232
499ec63c58e51296c9cf57edcfe1c8a8,412.93,5,4.8
49cdc90518a4f82676b38b3c1aa43ff6,1622.11,5,3.8
49e7217cfe4e427191c378ec626d8737,3220.89,12,4.153846153846154
49f8d2ea7b718d0ce587d34207caf2b4,165.26,1,5.0
4a1917ef994878940e1fb03eeb787ad7,846.6199999999999,2,2.6666666666666665
4a1f694197d05fe70026b016a7316b41,1278.75,14,4.391304347826087
4a23adac87cf538689fa600d976f78b2,440.41,3,4.333333333333333
4a3ca9315b744ce9f8e9374361493884,231220.43,1772,3.826673585884795
4a3ccda38b2129705f3fb522db62ca31,17508.81,64,3.808219178082192
4a5b36211b1f51bf7eaa5c10a57fa483,155.26,1,5.0
4a82168aaef173cbb6e46ae88728f919,612.39,4,4.0
4a82c4af97ffc0fb2dc26bfdc03b1842,210.89999999999998,3,5.0
4aba391bc3b88717ce08eb11e44937b2,8047.44,27,4.0
4aba6a02a788d3ec81c03137144d9a80,105.28,1,5.0
4b0fdb526525f9890eb145bf1534640e,2954.21,18,3.95
4b1eaadf791bdbbad8c4a35b65236d52,1029.04,5,2.6
4b39558c138930b9e5489c93b6df5fe3,1229.1,4,4.6
4b5f66b7adcf57f1ecc0d3c07dd6b177,7115.96,23,4.081081081081081
4b90495391ac0bd181a80a459df1e718,266.11,1,4.0
4b9750c8ad28220fe6702d4ecb7c898f,19173.85,217,4.352941176470588
4b98b0428fc1932cc2514ef9ce2505e6,363.42999999999995,2,1.0
4ba52dfeba874da5b9ee7b17c7494f04,1667.9099999999999,11,4.363636363636363
4bcec44888b30ba9001234c534716d3f,209.23000000000002,5,4.6
4bde6149c15cf7e177b36fa060dd6de8,192.46,2,5.0
4be6b962d83299498bae2190f95d6566,691.09,11,4.181818181818182
4be9ae93c4fc0f41713d71a4194ee1b3,136.97,1,5.0
4bf2f4ee540798a61f9636d12cd9cc80,5501.01,29,4.166666666666667
4bf658053d453036c70976bccb2c31b2,1824.56,2,4.5
4bfc7a4a1cf8d4d2121c27422d9e50b5,9191.59,26,4.225
4c03b9dd4c11ee2cb35c96c49efc9420,7302.33,48,4.1063829787234045
4c18691b6037662be2df78a765d98ab5,4316.51,63,3.8358208955223883
4c1c7281388a33dd06daac44f9fadbd1,269.90999999999997,5,4.8
4c2b230173bb36f9b240f2b8ac11786e,18828.71,258,3.75811209439528
4c498c7345e89aebad651544829beca0,5131.66,47,4.276595744680851
4c4d546adf3c3868fe19c9ec6e9ffda9,157.08999999999997,2,3.6666666666666665
4c60877808f4318ef1107fbeb8f89afa,150.63,2,4.0
4c61e37f664c3c88aff092aa5ac779d7,908.17,7,4.0
4c8545742faaf58fafd5fd14d25d75cf,3216.31,4,4.5
4c8b8048e33af2bf94f2eb547746a916,2267.88,19,3.4782608695652173
4cc43a222a0f94910728b62b97a8c5f8,120.76,1,3.0
4cc4fd4fdd406a85bbdc1f824b731bd7,571.22,1,5.0
4ce8b55b4bfa4659184e7becc1fba3f2,258.87,2,3.0
4cf490a58259286ada5ba8525ba9e84a,1217.8500000000001,7,3.4285714285714284
4d0041cdbe51b4617d95c70b19decc74,5465.49,8,4.5
4d232b78ab7ef10393dc3807d827bc0d,1689.99,5,4.4
4d600e08ecbe08258c79e536c5a42fee,3959.13,7,4.428571428571429
4d6d651bd7684af3fffabd5f08d12e5a,50785.76,363,4.201030927835052
4d9fea3499bdc22aa4da4e339365f215,222.74,2,5.0
4da0e408c99d2fdc2126dc9fce518060,3964.73,44,4.444444444444445
4dab98ca6cd6d3df586203cefd28a042,173.23000000000002,1,5.0
4dbd95a08b31ede5c82d3f861cb1ce1a,463.92,4,4.75
4dc2e811a1760953cb7c6a590b498943,199.84,1,5.0
4dc646b9b9e8e411ef48ba000ea3ac6f,353.26,4,2.4
4ddeb3e828550cddc8d45c8bc36ab2d1,164.45,1,5.0
4de6e4ba574aa9dfdc824bc44dc47fdd,704.4200000000001,14,4.071428571428571
4deebb3199eeafb282ae33229144f94b,921.49,4,3.4
4e06067cc08b3f41d837768d392c3ee3,1514.25,31,4.173913043478261
4e0d109ccfba9a1151c103049880c857,347.73,2,3.0
4e17c65a516f69d023a2ae78b84f28d6,8794.8,61,4.081081081081081
4e2627090e6e5b9fabba883a37897683,51.62,1,
4e326052e5dbba8adcd512f3450a307e,655.96,3,1.6666666666666667
4e42581f08e8cfc7c090f930bac4552a,151.8,1,1.0
4e480be820e37de1444325ff358c9296,573.74,1,5.0
4e5725ba188db8252977a4f0227bd462,2229.36,21,3.5416666666666665
4e6015589b781adaa5ce7f1892d06bb1,740.5,3,3.6666666666666665
4e7c18b98d84e05cbae3ff0ff03846c2,11862.36,81,4.160919540229885
4e85b538b0dad58852641540686d0e14,436.34,4,3.75
4e8dacf3d38f281ae26c3e0321d92d88,2196.04,8,2.888888888888889
4e922959ae960d389249c378d1c939f5,52485.6,412,3.9027149321266967
4e92348462c75b6c842b994ce84a0ed4,85.49000000000001,1,5.0
4ea2f12dbe91deeacd2c1e74f069a6e6,280.27,4,4.833333333333333
4eb61f060e7dcc1d5a80d806c35cc541,1466.1200000000001,8,3.875
4ebdc7e6cd6102a022dadc49156d4ea8,1297.9,29,3.75
4eeb99008a0f59d2c7759c59f9a346eb,1320.95,2,4.5
4ef4c39cf3c24f326434cf0b2e48046a,901.51,7,3.875
4f0d637c1197fd65405ebd755ac9f86b,232.47,2,5.0
4f1f1c8666cdb6442f775c4e8caed465,1070.39,2,5.0
4fae87d32467e18eb46e4a76a0a0b9ce,120.80000000000001,1,5.0
4fb41dff7c50136976d1a5cf004a42e2,1296.77,3,4.0
4fe2f67634d00c021aa01f96b6f2d68e,118.84,2,5.0
5011f0d93373a4c5753adf58ca77af8d,1223.19,11,3.6666666666666665
503c1de08ae81a2d86f17951b204db55,5321.9,22,4.409090909090909
5058e8c1e82653974541e83690655b4a,12821.46,62,3.08
5075aaa8404020ae6aa8bf4792099b41,1872.15,10,4.133333333333334
50770d25768b0486d89be26afca3108f,247.86,6,4.0
508808d438fe2ff972ed13bb8f4a82e2,346.03999999999996,9,4.6
50a7e551a7b3f8d37cd6e32d8bfbe5ea,167.96,1,5.0
50bf89f1349bc0409a268c3a49678009,282.47,1,5.0
50c9975695009e5e6473912e83a6d1da,6883.95,50,3.985074626865672
51209b446b2073894bdc0face6c73ffc,438.88,2,4.0
512d298ac2a96d1931b6bd30aa21f61d,7723.87,11,4.25
513a54369b6a8a6602fcb0e129c6d78d,62.66,2,4.5
5145090ab595c0d0b8557199f5701fbf,1657.45,4,4.25
5151aea44289d6c6b090ee31c2132508,1482.47,7,1.8333333333333333
515d781150feed28a6ac091bb0e3cb8c,1154.72,6,4.166666666666667
5160d23075764e18e07c1f4a87fad743,2837.64,33,4.447368421052632
516e7738bd8f735ac19a010ee5450d8d,7905.69,74,4.609756097560975
51702dc2a3e106c76dbff722b5bf0726,3287.04,13,4.357142857142857
5194c22ed1f616ec0c0f33c571542879,326.45000000000005,4,4.25
519a7aa428f18d125a283cf8c014fdd6,152.79999999999998,3,4.0
51a04a8a6bdcb23deccc82b0b80742cf,199.92000000000002,1,1.0
51e0557bc7b86de13e946c60ee91ce39,63.4,1,5.0
51e4e89242cbb846c2deff3dc015650e,1175.75,16,4.625
51ed72984a04e5dd35c2b27e77179038,1493.23,7,3.5714285714285716
51f108f62cb87d61918159902c8f8583,378.76,3,4.333333333333333
52092ddbd3a58c450a4459bf051b2287,427.05,6,4.333333333333333
520b493b57809f446cb0a233bb3e25c7,4762.87,63,4.383561643835616
522620dcb18a6b31cd7bdf73665113a9,61273.659999999996,172,3.914285714285714
5236605f4d4b0b3e4df85b850393fca0,347.48,5,4.8
52454f90d4c30c016768db02f88c1a74,147.67,3,3.6
52562a9f449c3dc3d53f5f5b9ed74903,3710.64,14,4.785714285714286
525e75a6fb1454a2325ab1734bcec221,719.39,9,4.0
5275ca25d0358ca73864e0ae41be1320,478.82000000000005,4,4.75
527801b552d0077ffd170872eb49683b,20005.36,90,4.483516483516484
52831e5990d0771cb4951d6f12928167,78.12,1,3.0
528bcf6680c36dddf07620bd35b33a6f,1013.84,2,4.5
528ce32f560edd11add4169f6a5b65be,75.1,2,5.0
52956b80ae65fda598f06f6b9943e7a9,858.85,3,4.0
52a50b42accf164f9f019941e5759d9b,197.02,4,4.75
52a52b9f656520e99716f5bc40f661c8,931.2199999999999,7,4.125
52ac6f920b7280e4c6d30dd94de6259b,6383.89,6,3.2857142857142856
52b53f7061969fe471d119b6195da864,98.37,1,5.0
52bb00821bcdd358a5a5a27e1f6be5a1,388.43,2,4.5
52d76513f0c4d97f3b99570e2c94ee31,9042.36,19,3.88
52f0fe436a347ddad7ed5f9aa4e27eaa,1888.8300000000002,19,3.4761904761904763
52f6f9f13ba19504c02781132a049e75,222.13,1,3.0
52f976b17ea7f2f087f56dcc419328f6,8492.65,6,3.6666666666666665
52f9db5cfb423382a2fa5c9e39303202,1564.53,21,4.318181818181818
5305693ffae2d3463377b1f6fe67b15a,106.55,1,5.0
53088c75f948b48a7ece173ac17f0c12,316.23,3,5.0
530ec6109d11eaaf87999465c6afee01,15279.16,94,4.316831683168317
53243585a1d6dc2643021fd1853d8905,230797.02,348,4.128140703517588
53336f97ddbe53e2a617d07b17447b95,674.83,1,5.0
533d46c1b06970e99f09523a61df4972,192.62,2,4.5
5343d0649eca2a983820bfe93fc4d17e,12194.09,70,3.638888888888889
534a01cc6df1e034e05c32028a291fa2,295.45,5,4.4
535bf14f36346c7f59d87cece104d70c,57.769999999999996,1,4.0
537eb890efff034a88679788b647c564,7093.44,158,4.175438596491228
538caafddff204241cecbf3a02e6b3cf,218.81,8,2.75
539ed9e19811677513447759be5eccfc,63.919999999999995,2,3.0
53b0300ca793f9834cd69c0678d35ee8,1799.46,5,5.0
53d00c40e32aeb924a84ce72b1af869d,2462.07,17,4.352941176470588
53e4c6e0f4312d4d2107a8c9cddf45cd,39283.93,463,4.080392156862745
54065e9aef7e9e9c2dc23b7594db021a,7321.78,12,4.333333333333333
5415337f1863452476d42d9f14a16a61,68.35,1,3.0
54219883e72aad869adfb2a54b7bfa0f,7579.55,5,3.2
542917da124346b47ea1ac79a93ce454,1667.08,20,4.15
544863df86ed3b78a04e0820d41430ee,39.17,1,5.0
54583ab379489add547fe47b628db589,2391.08,10,4.8
54965bbe3e4f07ae045b90b0b8541f52,12427.960000000001,73,3.0657894736842106
54a1852d1b8f10312c55e906355666ee,20418.03,198,4.3681592039801
54aa8463e87776b5612f4bdc4bd5d4de,772.8299999999999,7,3.857142857142857
54c04bdb5ec46762f8f08c7e8f86ed4a,3757.7799999999997,18,4.315789473684211
55029529919c0123526150bd26ca8f20,588.83,7,4.714285714285714
553a440137d6e0cf776aee0bb83ac9f5,175.14,2,1.0
5563732abe64c3036cb97ad924128dd1,441.6,2,4.666666666666667
5566627eab3fe93fd6ee08798226101a,187.81,5,4.4
556a6409838156ea299c9d1f9e2dde43,1449.64,4,3.25
557f22c76691849db52d2abccf0015d0,1108.54,12,3.3333333333333335
5587130f9850696ed7fafbc91c2cee44,103.49,2,5.0
559d56f3b8f0bc2e5a9a62fe2ce2a39f,433.72,2,2.5
55a5b51f93f2b70ea513f5a047b0262a,4849.38,39,4.487804878048781
55bb6fe5bebe5012e2d7d9928e1128ff,2393.02,15,3.5625
55c26bcb609f480eb7868594245febb5,826.23,6,4.0
55c96925041a14097b6a7825554f4ad5,215.89000000000001,5,4.666666666666667
55d3daac7c404d59e51c2aa2f4dc5a23,5790.4800000000005,21,3.9285714285714284
55dedd83e501d8248880557d9073cbfd,1166.0900000000001,8,4.888888888888889
55f7a3319d80f7fdf078b8f03e6725fe,3420.4500000000003,22,3.772727272727273
562f8cfc51f265411f487d07e9c40e7f,966.25,13,4.538461538461538
562fc2f2c2863ab7e79a9e4388a58a14,12884.21,255,4.247148288973384
5656537e588803a555b8eb41f07a944b,11255.55,171,3.8216216216216217
5659d77e8d90378e39b960ad5956f64e,213.13,2,2.5
56642bcb79900e777d68e91915cb4267,4471.79,48,3.767857142857143
5670f4db5b62c43d542e1b2d56b0cf7c,7212.650000000001,22,4.409090909090909
56db5c0782e8f7ddc9343f9576ff6d16,791.9499999999999,2,3.0
56e361f411e38dcef17cdc2a3d99628b,3155.76,5,4.5
56f413900b5166ab4d730e9ac0b12cb0,194.24,3,4.666666666666667
570d4583587a5fe2d47c7be89b91ad27,148.92000000000002,2,5.0
5721089ba9214e80074f27d5a03fc0eb,312.57,5,5.0
5733d806668f8712c24b9abaefbfa642,329.68,2,5.0
5741dc2bf5044c34d0698681c5081bed,123.74999999999999,3,5.0
575df70bde3f9f2b30bf8d2e9910d725,6163.42,27,4.117647058823529
577719699805dd125d5b6fdde5943bba,1287.3600000000001,8,4.375
578fa3a9cb6b6dceab39231ad59cdaca,187.2,3,3.6666666666666665
5795aebfe331fbcd02a2c4b679fb7952,1436.09,6,3.8333333333333335
579891617139df7d8671d373f0669622,408.5,8,4.5
57a834594e1e9e9219603bfec184eadc,166.05,1,5.0
57c764b4a836300be881e2ff86e449f9,1613.49,28,4.25
57d2ba47f7a3209aa347532ae75c1165,458.24,2,4.0
57df9869a600bd6b7c405f2a862eccfb,197.20999999999998,5,4.4
57e632711dec9ec14ca7546769483e7e,7558.04,62,4.446153846153846
57fe6232e67823593374a2281d7a8af8,284.04,8,4.75
582d4f8675b945722eda7c0cb61ba4c7,5683.93,59,4.112676056338028
585175ec331ea177fa47199e39a6170a,3602.47,1,5.0
586a871d4f1221763fddb6ceefdeb95e,239.48,1,1.0
5882820ef11c4c068eea0677a7a879b4,10664.81,14,4.153846153846154
58c851d1a3c7cd3da329eb59453fed44,293.26,2,5.0
58e4b302b54937e55a678c4d15111da4,64.42,1,5.0
58f1a6197ed863543e0136bdedb3fce2,7903.69,44,4.155555555555556
59417c56835dd8e2e72f91f809cd4092,37657.770000000004,18,4.277777777777778
594f9aaa48e5bf431f011ddc5669b0d5,4136.41,37,4.578947368421052
5962468f885ea01a1b6a97a218797b0a,765.74,6,4.666666666666667
596849622429351f47b32e6cae1055ff,1222.9,13,4.083333333333333
5996cddab893a4652a15592fb58ab8db,880.75,1,5.0
59b22a78efb79a4797979612b885db36,32082.07,125,3.9696969696969697
59bbc819b99a733f02f0d6b49d1c253d,162.75,2,5.0
59cd88080b93f3c18508673122d26169,567.71,10,4.75
59cea8e446d3834393058e7e0666b6fb,901.14,10,4.6
59de1d4c8c057c2a53acd4ca66531af2,156.75,1,5.0
59fb871bf6f4522a87ba567b42dafecf,23192.18,123,4.256
5a05a16bb50629ee31afab8a6d4c2674,1075.48,14,4.0
5a32c398a06c345440bf2a683b017ad3,50.129999999999995,1,5.0
5a413ade68e8f8d93071a7f52a64cb9e,932.67,14,4.642857142857143
5a4236931428800e9d9cc04af0987118,90.66,1,5.0
5a425cc503b39b262a847fd6212bf53b,1591.88,14,4.461538461538462
5a6a02f419701fc8c605af71d4fc57a4,714.41,10,4.818181818181818
5a8e7d5003a1f221f9e1d6e411de7c23,13708.8,137,4.189944134078212
5a93f3ab0ef4c84ed5e1b5dbf23978bc,2952.22,38,4.813953488372093
5a9b3bcab695173c820e53934574ae80,203.76999999999998,1,5.0
5a9c0859cb00fd8aa4db443837f0a700,255.59000000000003,2,4.5
5ab05b6d86d417796c69ffd6774ec832,2142.85,10,3.6666666666666665
5abb8ea023c77787f2c15da891c8d384,2987.2,13,3.923076923076923
5acd070dd3fe441bbb2ec1f1ede515ee,886.37,7,2.75
5b07547f10dd980738a1a27f685af669,1320.0700000000002,13,4.5
5b0cc932433fa5184b5b94bfe6bcc256,1994.0900000000001,12,3.4705882352941178
5b179e9e8cc7ab6fd113a46ca584da81,5839.14,34,3.5142857142857142
5b2e94f2c22b39ccc24d34ad0f669672,1340.1399999999999,10,4.9
5b33b527da3c5b969cc99dc435cad09a,2238.34,16,4.117647058823529
5b35136197710e16ac5e7b7c2bd4ea85,3350.29,7,2.5555555555555554
5b51032eddd242adc84c38acab88f23d,3548.95,12,3.7857142857142856
5b581417df4480f632484ba681e53944,2214.01,11,3.5
5b664594895aefb418afaee6d40a9a23,1235.18,16,3.6363636363636362
5b67882648febfb6e1225e6ad7164f6b,7432.42,27,4.033333333333333
5b8154610ebb21fb90eb587365e673df,10096.720000000001,37,4.175
5b85809efd0d0e4dea1a9544e1280ed9,2097.36,12,4.357142857142857
5b925e1d006e9476d738aa200751b73b,8801.84,63,4.603174603174603
5b92bfa4120daa27c574daa2e386c693,24.96,1,3.0
5b97c06a046398e7005b2b7c0d707a92,1338.41,3,4.0
5bba18b40e8c973b0f32e748004775b0,784.8000000000001,1,5.0
5bc237df65098fe211bb4818f4d26d78,183.89,2,4.5
5bc24d989e71e93c33e50a7782431b0e,3736.53,17,4.352941176470588
5bc55dbe2f12b6af6d83ed46023e0dc8,3409.38,17,2.3333333333333335
5bf397d04035b5f45cc41e82ec106803,1572.28,3,4.25
5bffbafbb22daf6d3bfc216a46db8708,5694.2,21,4.695652173913044
5c030029b5916fed0986310385ec9009,5079.9,7,4.9
5c243662ce92d84573bfaff24c3e3700,34637.66,98,4.1313131313131315
5c3460cd3e8a984382ae254e7dd20d9f,974.3,9,4.7
5c6d4016c2a288f074fa0848a2b653d2,3598.13,31,4.205882352941177
5c853bb56f70f4d14218944bae111d7a,514.1899999999999,23,4.041666666666667
5ca5d579b5857ee8709479b1047cecc3,178.04000000000002,1,1.0
5cbbd5a299cab112b7bf23862255e43e,3385.21,36,4.315789473684211
5cf13accae3222c70a9cac40818ae839,17296.18,148,4.461038961038961
5cf1ec37aea089f45110c70653a166ab,63.58,2,5.0
5d0363b33554b373851fc1622e4d5f3c,8724.27,93,4.085106382978723
5d043cd5512d4bd2f88e5ccdd5736c38,714.91,1,2.0
5d378b73ab7dd6f0418d743e5dcb0bd1,11612.7,6,3.8333333333333335
5d3bb11474a06bdc23fb9e89f1164ee0,4178.82,31,3.9375
5d505d2298ad549e4e4e835562fa0c1e,278.14,2,5.0
5d76d80a2f5f39c891b996a1bf4c9853,1409.75,6,4.833333333333333
5d9dc90a686a8fddacffab6bab5653a3,4131.27,12,4.166666666666667
5d9f3746e112e696f98ea22c56b3e912,1370.41,1,5.0
5db42a6cd9bf1bf0d3aab9582767f168,219.32999999999998,1,5.0
5dc203c7b84a0e71e878a179de05fb9a,550.05,5,4.0
5dceca129747e92ff8ef7a997dc4f8ca,124702.92,322,4.017699115044247
5de1c80811ce7007f62f00d971236c09,107.75,2,5.0
5debea795b07621e1f90532e18f96145,2388.13,25,4.2727272727272725
5def4c3732941a971cba8fdee992ede1,201.04,5,4.5
5e063e85d44b0f5c3e6ec3131103a57e,30.32,1,5.0
5e105f5c9f63f5f1fd75d6cb942e55b1,1745.73,8,4.5
5e106d93b717c2682b9383da480364a1,467.60999999999996,1,5.0
5e25c632f9db6cfb8bc100421c2737b6,278.91,1,5.0
5e49e3a44bdeb5aab2684258bbd4f525,559.77,3,4.666666666666667
5e9f5bd34e0830569f05c9d4f56e04a8,274.86,2,4.5
5ee7fd217d08dfe5d3e2f51f96a12c9a,1435.18,9,3.4444444444444446
5eeb9c756d9780b96283e5a2ac6da334,2718.74,9,4.222222222222222
5ef131ac72773e5b3f6c0d63cf424657,821.99,10,3.8181818181818183
5f0057b677eb963672bf05dfa3f16c34,264.99,4,5.0
5f06030071324cc52bf0304014ac7234,884.31,4,4.0
5f1dc28029d2c244352a68107ec2b542,3803.46,62,4.428571428571429
5f2684dab12e59f83bef73ae57724e45,9980.720000000001,67,3.7534246575342465
5f26c1408a65b42a7224cd463bdf3292,1357.09,10,4.8
5f3ae9136c875522250f8184f253413a,1739.77,42,4.5777777777777775
5f57db27027655e6c6a391601daa0258,151.04,1,5.0
5f5a58930c3c35f3b5af264f34fb8c85,628.5899999999999,3,5.0
5f5b43b2bffa8656e4bc6efeb13cc649,4232.65,27,4.448275862068965
5f67c6082caacb26e431a7b17940cece,1871.03,13,3.5714285714285716
5f7300535881cef3b625fd683cf7d145,836.83,10,4.454545454545454
5fd924b4836098a5be0ecf81ba054ce0,1284.34,7,4.0
602044f2c16190c2c6e45eb35c2e21cb,4468.93,48,2.962962962962963
6025c79c035c3d772133b8b8238463b2,1098.33,2,5.0
6039e27294dc75811c0d8a39069f52c0,15835.52,63,3.864864864864865
60562ab00b8054280520d390c8c0045c,3247.09,17,4.764705882352941
6061155addc1e54b4cfb51c1c2a32ad8,16513.31,28,4.696969696969697
606ce7768feac12c5e8bd58db8b08f0f,3018.8599999999997,5,4.8
609e1a9a6c2539919b8205cf7c4e6ff0,9282.42,87,3.598360655737705
60da8bfa7eebe230b7d66ac4082d79b3,125.27,3,4.333333333333333
610f72e407cdd7caaa2f8167b0163fd8,14429.45,16,3.7058823529411766
612170e34b97004b3ba37eae81836b4c,25372.08,107,4.427272727272728
612a743d294c27884fb7b80d2b19ba35,3162.15,2,4.333333333333333
615005a3ef192c00c6f0e977cee3d2bc,442.14,10,3.909090909090909
615c3462099ffa940d37b17dfda19594,261.05,2,5.0
6179a28a13a726c29b3bf54c070dccab,361.27,1,5.0
6187a137b2af59dfdbad8d9f8c373c14,105.02,2,3.0
61b18775be84fb700a6b2d0ba097bf66,436.01,4,4.6
61c36f0fc4a47f9532e5512b66668e62,767.69,1,1.0
620c87c171fb2a6dd6e8bb4dec959fc6,126278.18,722,4.26797385620915
6219ba2359cfb97f2e38fd4c321eb309,425.15,5,4.0
6235903333ba7de1928c869e268e5964,135.48000000000002,1,5.0
623ad9d0c1e14bb5464a8c72bff7b4af,133.96,1,4.0
624f4ece8da4aafb77699233d480f8ef,10751.55,52,4.185185185185185
626ab1cd96932367f0eeec2e47046c12,1390.4699999999998,3,4.666666666666667
62760d278921b5f352461620d68a9cee,450.1,3,3.6666666666666665
6288c69c4ce638e59925e59193f98b16,4467.01,20,4.25
62c50c1af4dfdc4149d25c5222043d39,2607.78,12,3.4705882352941178
62de60d81c55c29d76a6bce418b31cef,126.87,1,4.0
630008e0f062605a415d694489f6f82e,50.7,1,5.0
63191ead8d3b2f937cd1996fdcbbad20,420.29,1,5.0
63272377184e969942f7fff221be858d,216.23,2,5.0
6338ea67c41078a46ad99cc009654956,3210.39,37,4.609756097560975
633ecdf879b94b5337cca303328e4a25,1125.49,6,1.8
634964b17796e64304cadf1ad3050fb7,45014.1,265,3.873065015479876
63704069d9bd3a75c1cf59babe56004a,66.69,1,1.0
638cba8be1fb599bbb76fd6948351eb3,803.6700000000001,16,4.7272727272727275
63a79f5a7eb5cb48a7e5787b141c7993,1015.9300000000001,11,4.545454545454546
63b464dbf392c7b80d12d932fa7cafed,7482.84,36,3.763157894736842
63b9ae557efed31d1f7687917d248a8d,242.31,5,4.428571428571429
63ffcb71394dd8ea3872ed9ffda17c74,663.72,17,3.176470588235294
640e21a7d01df7614a3b4923e990d40c,9960.55,115,4.286764705882353
6426d21aca402a131fc0a5d0960a3c90,1593.82,23,4.173913043478261
643214e62b870443ccbe55ab29a4dccf,4120.71,65,4.409090909090909
643c01d7c56a724bec0454f4780e8a3e,246.65,2,4.5
6481e96574816ead57975da2c0f6d80d,4340.86,32,4.1395348837209305
64c9a1db4e73e19aaafd3286dc448c96,482.6,1,5.0
64cc804291f90c81f02bfc2bb58ff55a,564.14,2,5.0
651530bf5c607240ccdd89a30c9c9712,224.45000000000002,1,4.0
651fe66032c9520ee5587f694908040d,592.73,7,4.0
6524b847b982cd56bb5d4b02b776ee42,834.9399999999999,1,4.0
6548c2550b6e2d8f18053216e1c7b6f3,287.55,3,5.0
655220df33262c7e0c4949a147366f94,2926.53,13,4.2
6560211a19b47992c3666cc44a7e94c0,148050.94,1819,3.9489641232945933
6561d6bf844e464b4019442692b40e02,49.449999999999996,1,5.0
6562efe88ce0826a4ca4f189f03b4b84,1358.32,8,3.95
656591be56071d4c9ef4e5fee78a578a,2021.2,7,4.636363636363637
657969cca82e884d272385ec0ef06edd,191.56,3,4.666666666666667
659e8466eb3ff1b0e8740d74fb7bbedd,1880.0,11,4.5
65a7c0788e4d632ccb5e1b594b87f0bb,384.12,3,4.111111111111111
65b081a070633e057c462abdd6fb9dd8,2326.67,19,4.35
65c255b299faf2d12050937cc219c46c,110.08000000000001,2,4.5
65febd49fd28ec955651299159b1f527,5085.38,33,4.342105263157895
6601ee6383e7f452be71929f8de48bbb,181.94,2,4.0
6614814a00d344b846ae209f95ee7e3f,25.689999999999998,1,1.0
661ad5fcc28cdfb8bcadb12bb2272475,329.71,4,5.0
6624bc09786f0e41ae48dfc5eeb1a9e2,107.01,1,5.0
6650fcccd8cd2f7e55ffa524f30c4c59,436.11,2,3.0
668bf321538e5072858eaef6087ce027,28.009999999999998,1,5.0
66922902710d126a0e7d26b0e3805106,17464.93,150,4.474025974025974
669ae81880e08f269a64487cfb287169,16485.2,161,4.1521739130434785
66dc1b1632bd6a3e508510c5b3492107,4231.9,36,3.4878048780487805
66e0557ecc2b4dbea057e93f215f68d8,12628.42,30,4.033333333333333
66fd84ee7528c0c0de85d0f44a73d5ab,1891.3,11,2.9047619047619047
670a9dda115b5a88b18cfadee8de2332,1101.99,11,4.454545454545454
670c26e0f1bf8d0576271d5cfaec6d2b,7930.47,77,4.348837209302325
671585f5a2af58b6e276bc01003c0d2b,1692.1100000000001,27,4.703703703703703
67225bff54a172ff67579aaf583efd78,1393.11,8,4.5
674207551483fec113276b67b0d871ff,133.84,1,5.0
6750d71153f00fc58829af2a8ef1bcf1,3626.5,6,4.166666666666667
67883baaae6134ee81b271a542613728,8496.02,19,4.105263157894737
679769a98cfcc6da877c8486ff1c13f3,7467.39,21,4.571428571428571
67bf6941ba2f1fa1d02c375766bc3e53,6319.94,15,4.3
6806dad1da97bfb5a9038eac6881f706,1783.26,10,4.071428571428571
681fce914360217db47784ae28905a96,4571.8,23,3.869565217391304
6824a69c9ea0313eba299dd4a2dba09a,784.0799999999999,6,4.714285714285714
685b870da5b52a710782c9c0fefbeb5b,670.98,2,2.0
6860153b69cc696d5dcfe1cdaaafcf62,5318.23,74,4.156626506024097
6861de0f40cacb0602e473c51639f980,949.73,5,2.625
686886775c8f6b1191c7b953fb52708c,202.62,1,5.0
6879c4d287a8dd06b11f54ea8f78e4da,677.13,6,4.333333333333333
688756f717c462a206ad854c5027a64a,7745.72,81,3.7916666666666665
68ca56ce86830f3d31b1b7ec6a54da3e,723.03,5,4.0
68f86ba270525243e68ae74044f992b9,964.1999999999999,10,4.363636363636363
6902157ee16728322d61a1321fa79e58,191.43,2,3.0
693660429f9dc4ff704eb3d88dad54d7,148.12,2,4.0
695051e2981c8b19e77cafe450d5bdf3,182.45,1,5.0
6973a06f484aacf400ece213dbf3d946,11706.59,89,3.6448598130841123
698624c6632eeba1774924dbea24c700,35.129999999999995,1,5.0
6989574bd97d9773f10d232b6c07da59,2799.5,7,4.857142857142857
698f5fa55a5f73d0740e9d9a773e8093,203.99,4,4.833333333333333
69a43819c758c65a5befb0b471c954d7,400.76,2,4.0
69b5eaa096c3f9d1e5c398c597f567d6,987.02,2,5.0
6a0cbc8af2e8abd1bdfb777943d174c6,4517.150000000001,34,4.03030303030303
6a3139c7bf09ece22a4713d956acbe5e,76.64,1,5.0
6a38087bc8ad4f89ff453561005f6dea,2381.35,15,4.409090909090909
6a51fc556dab5f766ced6fbc860bc613,7965.01,24,4.129032258064516
6a53b90c3ad9e0b56d9fe5c69165fff5,194.77999999999997,2,3.5
6a8a889bde935bafa76d7848782dfaf9,1228.62,26,3.933333333333333
6a8b085f816a1f75f92dbac6eb545f8f,8038.22,125,4.165413533834586
6aa3928696eab49a19a466e665a649fd,2410.68,18,4.545454545454546
6b15924333bd1a741595fe981ea04822,854.46,21,4.666666666666667
6b1c4d4d9ccf0be3d8544eb0e71e5318,1759.04,1,5.0
6b243f80ed07b10f0e8aa0f21a205f3c,7807.400000000001,79,4.022471910112359
6b2612338467c08c9b25f0cc55b1578d,113.87,1,4.0
6b333a05bf188ef3e1f1662a86bd9855,4554.88,12,4.384615384615385
6b3bd31ad8fcda4b2635ec9f3ff2ecdf,4801.87,35,3.9285714285714284
6b536a23086fba0d58c08d68814397f6,2356.54,18,4.045454545454546
6b803197e03abd5056b4313306b4f29d,530.62,7,4.833333333333333
6b89abe95848c850399130d149a39b63,1465.73,8,4.375
6b90f847357d8981edd79a1eb1bf0acb,4059.73,45,4.361702127659575
6b9b80d53ba3676eafe60268a810b5a1,941.21,9,4.222222222222222
6ba4733aa33f6386e9fb0c0fd3993b38,209.88,3,4.666666666666667
6bb0724edf0b62fb91ac404873a97241,4416.52,17,4.5
6bb62a4912377c7bfe7cb17b406bc7e6,845.39,4,4.5
6bb66d9870c2e01c05655c7ed0e7ee13,321.02,3,3.6666666666666665
6bbcb8924baf70b7fe2fe2097e8cd407,2646.8300000000004,10,4.545454545454546
6bcb2352a2a0c38b845f598298ab9d26,31.0,1,5.0
6bd503a8230299c9316fb0f726933927,453.89,4,4.6
6bd69102ab48df500790a8cecfc285c2,8359.02,5,3.0
6bef34c5be6f2bbd70aa5165f6df94b1,1330.88,2,2.0
6c12e40690c335dbc2f68a4134d30dc1,9624.26,16,4.0625
6c177e38df6d3f34182b1f1d427231bf,9115.05,53,4.148148148148148
6c17baf138731a4aaacc3210adf2037b,628.72,4,5.0
6c1b6d0c604b776f844125f911eb7377,383.21000000000004,4,4.0
6c6cc59a5c00cacc5054ca06d65cc282,1255.71,1,5.0
6c6e3d67f969468f3bfd33f827a31222,316.41,5,4.833333333333333
6c77cd583b36a13aacccf2b3ee23e233,31.689999999999998,1,5.0
6c7d50c24b3ccd2fd83b44d8bb34e073,11123.789999999999,112,4.44
6c9875b2f94ba781186f0c1aed8d1687,63.050000000000004,2,5.0
6c99c983ce3b6ba0ab813e6790e81691,752.51,9,3.7777777777777777
6cd68b3ed6d59aaa9fece558ad360c0a,13718.460000000001,149,4.445859872611465
6cf476a4ca74498db55cbccdaa9dcfb6,791.6,5,3.0
6d04126aba80df143fd038e711b8fd96,108.86,1,1.0
6d1b9c9579132c87d2703ec38c30f2c5,367.39,4,4.5
6d22a1fcebb6dd08c9cd90b92a93e8d0,946.4300000000001,12,4.3076923076923075
6d2f2e3b539480db1e0842b3a4e32e6e,474.26,3,4.333333333333333
6d66611d7c44cc30ce351abc49a68421,16645.260000000002,164,3.9302325581395348
6d7f8d9d594e28796b6b3205b00f459c,477.01,3,3.6666666666666665
6d803cb79cc31c41c4c789a75933b3c7,9925.07,58,4.2727272727272725
6d988d6174a2c27441597174f8905515,737.2,19,4.260869565217392
6da1992f915d77be95d7fa48b36904af,383.66,7,3.6666666666666665
6dc9bec584588412a6a338830946a3e4,364.96,1,2.0
6dd7dce75cd55c1ce255dc38d9f0cd46,96.33,1,4.0
6ddc28b61be28373b4503a1f61cf98a9,1900.09,11,4.181818181818182
6df688df543f90e9b38f4319e75a9d88,2661.2,39,4.509090909090909
6e0908ef4d4efadbc3cc2b74ea477cb0,750.28,8,4.090909090909091
6e13dd869aa7185f601c941423abcc8f,598.08,5,4.833333333333333
6e1862e15f33d9994bc25922a85e1efc,779.3199999999999,7,4.666666666666667
6e386f64c84e482f0b9abf960797ee1b,12820.81,29,4.607142857142857
6e4a902d1054e4e17aa6eab87fac1c75,695.7,7,4.25
6e4f5ff6b086632ba8dcb558fb10249e,1053.25,5,3.4
6e864f5c4669eff3d98140a07cc50202,932.3599999999999,13,4.461538461538462
6eb94e1466490d327a09abf8f3552a50,1587.22,9,4.75
6ebf4eceee4dd9847201c82e77ef8123,82.03,1,5.0
6ec1a01e866584bb679eb9b098345919,4794.76,30,4.241379310344827
6edacfd9f9074789dad6d62ba7950b9c,15872.28,205,4.3842592592592595
6ee85be3693ed79a8e80718743d80655,236.47,5,3.2
6eeed17989b0ae47c9f11ece6f38ea90,676.01,3,3.6666666666666665
6f1a1263039c76e68f40a8e536b1da6a,253.19,2,2.6
6f229cc508fc6915ed5c499efd93baa4,2988.68,13,4.428571428571429
6f835fd4be26989b1b064399da346143,229.25,2,5.0
6f83d9e4da896daae20b9b6b2d3ff8d2,985.04,11,4.363636363636363
6f892e20a171e98efe17fdb971ff319b,6906.49,41,3.8979591836734695
6fa9202c10491e472dffd59a3e82b2a3,7939.249999999999,3,4.333333333333333
6fc26fe110feebd80a433e1f012a84f9,5128.06,35,4.014705882352941
6fd52c528dcb38be2eea044946b811f8,8881.58,67,3.5
7008613ea464bad5cb9b83456e1e6a8f,10488.039999999999,123,4.291390728476821
700f03c207639c22d933381ff60b35c2,1326.31,4,4.0
70125af26c2d6d4ef401a1d02ae7701f,629.62,5,4.625
70126eecc6aa1274392a1743866e9678,144.74,3,5.0
701938c450705b8ae65fc923b70f35c7,15650.89,74,3.7545454545454544
702835e4b785b67a084280efca355756,18.560000000000002,1,5.0
7040e82f899a04d1b434b795a43b4617,12336.960000000001,208,3.5863636363636364
70849ca4f400aaabb62cb7462a6f1428,1143.24,12,4.416666666666667
709e16e2b25c7474d980076c6bfc4806,6378.86,60,4.525
70a12e78e608ac31179aea7f8422044b,35487.25,312,3.794392523364486
70b52a4cfc823994561b00bad161b4ed,685.35,8,4.5
70bf57d811208f8923b41bbd499a67a4,869.73,7,4.142857142857143
70c0fda4c313d87115644d39e62eec60,63.08,1,5.0
70c27847eca8195c983ed7e798c56743,13529.18,77,4.204081632653061
70c4eedec9cb4a85cda2f3f9673557b4,253.08,1,5.0
70ee69419916dc13e3aed619061f996c,53.72,1,3.0
70eea00b476a314817cefde4aad4f89a,34149.66,106,4.378378378378378
70f7e8018e3d46c748c92f026aa2585a,277.68,1,5.0
70f84699be677ec988d1fa824aef7d90,1704.4399999999998,5,4.6
71039d19d4303bf9054d69e9a9236699,4158.65,35,3.6842105263157894
710e3548e02bc1d2831dfc4f1b5b14d4,26111.91,131,3.463235294117647
71271995e85f5b8530be99ed54a91b89,674.15,6,3.0
712e6ed8aa4aa1fa65dab41fed5737e4,46149.82,77,3.4642857142857144
712efd3b68f9686dc856b84abd0f21ae,156.16,1,4.0
7139dc5186aa238b006e066d8fbab2e4,2247.93,22,4.086956521739131
713e3a23ca5e47786eb6f0d99f94cfac,1213.03,4,4.75
7142540dd4c91e2237acb7e911c4eba2,44025.68,316,4.0552147239263805
714b9a1332840f257b49f476bea4e341,1658.0900000000001,6,3.3333333333333335
71592660bbcb6a4664e97b6f8b68babc,2200.5499999999997,6,4.428571428571429
71593c7413973a1e160057b80d4958f6,345.34999999999997,2,3.4
715bbd5ba4e6b74cb0d2f29eb45058b0,5315.88,62,4.46875
7178e1eaa97257d8b6d4b80efd77a025,184.71,1,5.0
7178f9f4dd81dcef02f62acdf8151e01,41180.44,202,4.046728971962617
717b78b0950b51ed00b1471d858b0edc,219.75,5,4.0
718539d38d07dd351c76db862760e2e2,1907.61,35,4.488372093023256
71dc18fd8cbf5fd77f45dd8b427abb34,1229.4,4,5.0
7202e2ba20579a9bd1acb29e61fe71f6,13217.21,51,3.9423076923076925
720e6cf846ea7572cbb66b743fb91e6c,68.55,1,5.0
7210cd29727d674c00741e5e387b3ccd,874.18,9,3.6923076923076925
72146da5774cabf2632faedcae097a76,311.43,4,4.333333333333333
7238a95bb63ef7e498389fb863b834a1,2835.1099999999997,15,4.733333333333333
7238f877570096ae403c51898fa64566,1249.52,3,5.0
723a46b89fd5c3ed78ccdf039e33ac63,90.03999999999999,1,4.0
723cd880edaacdb998898b67c8f9da30,2549.63,11,4.166666666666667
72431a818f97fe6ab9c81eee3e297e54,249.39000000000001,1,5.0
725af026f869236a8dd0ceb98564d156,936.67,5,4.4
725c32fa80c2faacc4fc88450d27314e,9166.66,89,4.538461538461538
7299e27ed73d2ad986de7f7c77d919fa,40911.93,335,4.430167597765363
729b2d09b2a0bdab221076327f13d050,2739.91,48,4.583333333333333
729f06993dac8e860d4f02d7088ca48a,24798.27,94,4.330357142857143
72bc2cce903c872fe376a8faaa81d237,2404.97,17,4.444444444444445
72c38a04bd6a1c3dbc5298425a0db86d,760.65,4,3.8
72c5da29406b4234927b81855e7b64f6,12652.470000000001,31,4.129032258064516
72c73be2b085b9d57650dd53eb2004c9,47.32,1,5.0
730937bf88cb151eb2eb849f642fc213,3277.17,22,4.423076923076923
7315baebc0572ff220d226283dc66728,76.22,2,4.0
731ef20c231d9a7103a425e83fd91271,2197.6,2,3.6666666666666665
734def04b237117a09321dd6d8f3f2a2,1281.23,2,5.0
7354220fb240bde543b3c40c060d41e7,837.13,7,4.571428571428571
7357b52d27cbaa90f81a96cbc1279396,1545.83,12,4.333333333333333
739c7d7be81f63812dea0d1b1451c651,149.3,2,4.0
73a63f72308aa20a46f4b1632018f196,8638.1,27,4.323529411764706
73b8eb4a9a729d4019b24ed1be748cbf,655.5,7,4.857142857142857
73da1880b39c71de2b262bc7720c1494,444.99,2,5.0
740205fedfe4e90ca6857bc77db0f2b4,251.83,1,5.0
7402d13c03a7e91366337cd1de471144,584.79,3,4.333333333333333
741f8c587cb4248ebc5b779a0e8e0e51,157.64,5,4.0
744dac408745240a2c2528fb1b6028f3,24200.4,78,4.554216867469879
74636e24f01da9268b0ed88dacd8513e,1048.6100000000001,4,4.0
747c1cdcd1737dcfbd1547f6eb6f2cf3,222.37,2,2.5
747e73c01a4593d4cf60dcf970fd2689,2341.76,3,4.333333333333333
74871d19219c7d518d0090283e03c137,637.9100000000001,6,5.0
7494d0dcba8551df6cf37f1b905dc2f7,62.97,1,3.0
749e7cdabbaf72f16677859e27874ba5,61.739999999999995,1,1.0
74a9b9bddf14ece02beb81f52c41a88d,117.06,2,3.5
74bafed391319577bce6f4d2acc0589a,2084.73,3,2.6666666666666665
74c7dec0a384d8a05950e629bd23bde9,149.79,4,4.25
750303a20e9c56b2a6bc45cdce0b897d,9164.82,53,4.339285714285714
751bdc4d83a466c7206cd42e8f426b03,7540.9800000000005,51,3.712121212121212
751e274377499a8503fd6243ad9c56f6,235.84,1,5.0
75745ef7bc7d4f3ea3380f6f5303f514,277.32,3,5.0
7586919161935337bf6b6d7ff5779648,1994.93,11,3.1666666666666665
75a4764c108403a7a0575140cb22287c,927.0500000000001,5,4.777777777777778
75d34ebb1bd0bd7dde40dd507b8169c3,13969.77,57,3.985074626865672
75fbb52eda0cbc24f479d3b2fbfa8d3e,1994.45,38,4.487804878048781
75fdd0a732287f9497b179f6bd445d32,76.08,1,5.0
761681a821d8275bc79f552116d06869,514.9,3,5.0
762ed976527cddf02787edba70fffa2a,240.11999999999998,3,2.25
762fafdaa57a532ee0119731697579dd,260.87,5,5.0
76623fde66e6b63b59440fd34160512d,88.74000000000001,3,4.0
7681ef142fd2c19048da7430856b5588,34074.67,58,4.162162162162162
76833248bbc0e65a0293ec62023e4396,2630.6800000000003,2,5.0
768a86e36ad6aae3d03ee3c6433d61df,767.7,17,4.647058823529412
768de2a4fc06aacecb9a586ccc30746a,663.71,13,4.384615384615385
76c47a299e4a8fe992316a85865acbe9,1246.34,6,4.8
76d336555bb25f3165d2f0d6da719c40,176.76,1,3.0
76d5af76d0271110f9af36c92573f765,35731.659999999996,128,4.097402597402597
76d64c4aca3a7baf218bf93ef7fa768d,20455.29,64,4.130434782608695
76de363de16dacc923eec8daf91df504,410.41999999999996,2,2.5
76ea5315acb3f5f7ade3cd261faf922a,1311.08,15,4.266666666666667
77128dec4bec4878c37ab7d6169d6f26,15.22,1,5.0
7722b1df1b0e383e000397b2c11e3e19,9106.08,133,4.223776223776224
77530e9772f57a62c906e1c21538ab82,53951.31,312,4.081364829396326
77714512e8d4dda9c234da8e3faf16e4,348.97999999999996,4,4.0
777a0c55737f34ffeb78010f7542ab41,528.33,6,4.333333333333333
778323240ce2830d68aab11794e00bfb,242.43,3,4.333333333333333
77a515caa36327151d1cc6c32a9f00e1,2613.58,26,4.423076923076923
77e4abfd739aed9c46480f90f81c0eb4,4092.21,18,4.777777777777778
77fccaae319668a8ab6cd0fd16aec48c,1888.44,11,4.333333333333333
7813ea3ebd9411dc600b4dd01f7a97b9,1745.99,9,3.888888888888889
7816cd9c5b1238e320545f5bf7eb80e8,511.76,1,4.0
781a66c0d89e30814d49fe8b5e14cd07,136.3,1,1.0
782f78b632a43875dd5b53e3e49c9564,129.56,1,5.0
784ba75dd9d20200c4caed3d7a77141a,8742.349999999999,19,3.8181818181818183
78744a20ee2f80ba64f6804c25def2b8,3068.85,6,4.166666666666667
78813699ffac347fe27dba345a5f1551,200.54,1,5.0
788e857f317e53de488d393e65a80f45,1394.95,11,4.909090909090909
788f22bafdd7ab0e1e79f19db72f16a4,152.04000000000002,2,4.5
78a4d36f65a019172c6154468831a69f,1768.9,7,4.285714285714286
78ba5933c21686d1c2f64669c8c459e7,212.57000000000002,2,4.0
78c99c6dff4eeae5be99bf635ed21e3f,2695.77,31,4.333333333333333
78ef7e885d17f35e2382a47aae8b8cce,453.44,3,4.666666666666667
7901646fdd36a55f564ffaf2dbccaaf7,12478.83,22,4.444444444444445
791cfcfe22fe4a771ece27f90017da92,315.98,1,1.0
79565f7d5603b24ddf07ade262547f2f,444.11,7,4.428571428571429
7957cac1a02f45d0a4a7e45626382ec2,364.64,1,4.0
7963e546f34e098b578f9ad102494601,82.22,1,5.0
7994081388d55b9cf976c050653dd359,134.6,1,5.0
7994b065a7ffb14e71c6312cf87b9de2,597.3399999999999,5,5.0
79a679c36c08d606b3fd47ead9de109b,1072.22,3,2.7142857142857144
79b93a308a97792cf53ac75f46da00b5,116.04,1,5.0
79ebd9a61bac3eaf882805ed4ecfa12a,18730.52,133,4.021428571428571
79ed755314cfe6df0daef2c6cd3022cd,4366.66,23,4.695652173913044
7a241947449cc45dbfda4f9d0798d9d0,9309.64,56,3.7846153846153845
7a2d2949aea47fab95fd98d6c9f618b1,1850.23,11,4.25
7a425d299613df3e613bcf9d2eaf5c49,1505.47,18,4.111111111111111
7a67c85e85bb2ce8582c35f2203ad736,160278.52,1145,4.269398430688753
7a704e63bb29c446869efde5d57524c8,109.89999999999999,1,5.0
7a91bf945c6fae0779f1c61ce97fe45c,699.77,4,4.5
7a9c12e235c36247c3c81f50d6ea9cea,1099.5900000000001,5,4.6
7aa4334be125fcdd2ba64b3180029f14,20330.52,214,4.080508474576271
7aa538dd6e114e503a2e6154ea352253,1118.6,5,4.4
7ab0dd5487bab2dc835337b244f689fb,23.46,1,5.0
7ad32824caee82087b3e2e5f33b1bf32,25495.8,147,3.785310734463277
7ad41305e96a6cab8294cd65891e9a86,237.6,2,5.0
7adbd3210a7b3cc2235e225eef33574d,204.86,3,4.666666666666667
7ade73f1b9b4e965f9009a4c3a7e2c15,2274.75,26,4.777777777777778
7b07b3c7487f0ea825fc6df75abd658b,10552.16,91,4.395833333333333
7b0df942f46435babab05d49b744b2c4,23272.78,32,4.387096774193548
7b1222c3624aa89b9558b50a2594188c,10561.09,22,4.454545454545454
7b3447b497e55af8c15fc7bd89d7b81a,70.65,1,5.0
7b3f6ce5c6c22e9b96e7581ebf0df6e1,42.49,1,3.0
7b7ed56ae755e2880f2b69632e839c1e,456.6,5,4.2
7b7f91e98f8c6def45a1407923304402,620.49,11,3.5
7b8e8ec35bad4b0ef7e3963650b0a87b,2616.3,5,4.8
7b98de631987e26dd6d803490c43a13c,778.6300000000001,8,4.625
7bac63f6603d382cc8d0832eb6c100a8,8114.6,19,4.0
7bb8fac2913a6064ec412e583c6d8b4d,125.52,1,5.0
7bcd7c5f8631701474db233ccf1c094b,551.04,8,4.375
7c1fea10b5b006671d608b1d7c446ec4,647.75,14,4.0
7c4402417d51474d4d0cda9557340e40,147.59,1,5.0
7c4618c82226628831613e95e9c22f44,499.46999999999997,13,4.076923076923077
7c462184585ae80bd6e5774c62ce50f2,77.64,1,3.0
7c4adcc13272c0e26fa23aac642adb7b,165.63,2,3.0
7c51de0ab286204ce75ff42bf7c10d92,908.64,4,4.5
7c5b05cbdb5542049f38d90d7815b97d,1292.8899999999999,21,4.565217391304348
7c67e1448b00f6e969d365cea6b010ab,237806.69,973,3.3466963622865626
7c9130f5f3729edd32aa059141d92484,193.14999999999998,3,3.75
7caa63f175b1cecbfaadd8b5ab9998c7,27.64,1,1.0
7cb946b1ad19faebe28c3e86c2794ec3,40.1,1,5.0
7cf4ea70955b00d6b3c22542598e2715,204.81,1,5.0
7d13fca15225358621be4086e1eb0964,120934.47,558,4.017605633802817
7d294cf9a6a69dc6a0c3e540fff0e039,451.38,5,4.4
7d456afc660226829370f3173d14520c,9579.53,55,4.258426966292135
7d484ca289afaac6bf5fc6a1e96d2226,248.42000000000002,2,4.0
7d76b645482be4a332374e8223836592,6287.7699999999995,172,3.9668508287292816
7d7866a99a8656a42c7ff6352a433410,207.38,5,4.4
7d7d2b7a51328016102d4528c411d630,1098.85,7,4.142857142857143
7d81e74a4755b552267cd5e081563028,39.99,1,4.0
7d948535954aaf8c5d39db007f74372e,237.8,4,3.75
7daca0837f033a41a6f3428c18657533,1397.14,7,3.5714285714285716
7dc8c42cc750eeafea6c85712ffee9bf,7445.09,41,4.26
7dc9a3355bae96dd82008b313d3a456c,949.62,1,5.0
7ddcbb64b5bc1ef36ca8c151f6ec77df,62202.75,325,3.97583081570997
7dea6f73af847b42cc3985bd620f994d,380.17,2,4.0
7df1fc11cc5cbc518b39faa60cf5d67c,1171.96,5,4.2
7e1fb0a3ebfb01ffb3a7dae98bf3238d,29052.62,155,4.155688622754491
7e26c750b4cb9f6766f58265ff9ebe95,1733.1799999999998,23,4.407407407407407
7e3f87d16fb353f408d467e74fbd8014,6068.37,91,4.161290322580645
7e79d65b5c6f1f544b7daea036acf720,579.8900000000001,4,4.5
7e93a43ef30c4f03f38b393420bc753a,171973.55,319,4.364485981308412
7ea5bfa6c340f58f8e71fc1f0412b0d6,12470.26,96,4.138613861386139
7ecd59e5e20407131822c1a68ac59c1f,2054.52,24,4.482758620689655
7ecef8194babfec876ca720714327841,1114.26,7,4.25
7f02656561b680def9986c0795a8a080,53.85,1,5.0
7f152321c60a266edc53af1925ef96c1,4471.92,20,3.8
7f2617c58d5d06806987308b45654351,3983.2700000000004,22,3.869565217391304
7f35f9daf223da737b78738fbae4d977,353.01,5,4.0
7f40d06aa0b5f1aa4f41af8c0480e2ef,1435.6200000000001,6,4.833333333333333
7f5e4d5efad7e44b91115dd1decb65f3,257.32,3,5.0
7f7b8245c336066a1f9933c359f11d77,2630.23,38,4.558139534883721
7fc87cc3e89b3d1d5cabdca32f8485aa,2835.82,14,3.5714285714285716
7fdb0720c8d7c9075538b365dc8c3a22,2288.31,9,2.4
7fe21dd00d2f4943ae09525efa2fd674,189.01,2,5.0
7ff588a03c2aeae4fbd23f9ae64b760d,1403.38,14,4.6875
800214c63934acd05d47e84214db8ba8,250.41000000000003,3,5.0
804287717b9156fb7a787acd9af4fac1,33.9,1,5.0
8060d731897e33b5c5ae575ce1e209e1,290.95,5,4.8
808d4348b916efa08e766ebad39f61eb,981.5400000000001,20,4.6
8090490573c6c0aa343a7231ebcb8c86,4298.03,26,4.1923076923076925
809413606dbfe5deefd2db646693ef67,247.05,3,4.2
80ceebb4ee9b31afb6c6a916a574a1e2,6922.21,1,
80cfd480be3eb6d6267139f5cb793555,126.34,1,4.0
80e6699fe29150b372a0c8a1ebf7dcc8,13786.81,96,4.350515463917525
80f2cf9abf6b5a0e5c612b5eea6646e6,879.92,6,5.0
8132b9bd16876e1b0f8808d43825dd48,98.9,1,5.0
813348c996469b40f2e028d5429d3495,14271.23,172,4.005208333333333
81336a0f57a33776419727a300249e90,1629.7,15,3.8333333333333335
8160255418d5aaa7dbdc9f4c64ebda44,54095.68,380,3.8544152744630074
817245bcc3badd82bbd222e0366951a6,6044.83,28,4.15
81783131d2a97c8d44d406a4be81b5d9,874.99,8,4.555555555555555
817f85dbb65aa3e70831d90fe75cdf89,1783.8899999999999,11,4.545454545454546
8185694b58b2ba6de20fd41ae608bbea,1602.57,8,4.5
818d28f936e791926d33bcb6ee94ef79,174.28,4,4.0
81a1104df0f08b59c68aa5b03cfe398e,11115.43,72,4.314285714285714
81ed90f07c0bacb7594940ba2ef676aa,257.46,2,4.5
81f89e42267213cb94da7ddc301651da,4721.18,46,3.5384615384615383
820c7c9eaf76d2b226b6c242bcf3f34d,577.0,1,4.0
820cc752a266cdc6c1a1e61dd4583330,3078.77,15,4.133333333333334
821fb029fc6e495ca4f08a35d51e53a5,19217.170000000002,24,3.5
822166ed1e47908f7cfb49946d03c726,5535.95,69,3.9245283018867925
822b63912576852aea9a8436d72317b7,3615.27,6,4.857142857142857
822bad9bc42b51213ba522fe87b7ab5d,5687.34,18,4.111111111111111
827f8f69dfa529c561901c4f2e0f332f,5003.96,91,4.254901960784314
82921991ff5b557b045605b8bbf08d49,37.129999999999995,1,5.0
82bd0703a4aefd6b599e5bfdaed378fb,2772.41,20,3.8260869565217392
82cb9f452fe8334df74b22d37824b431,1155.26,14,4.722222222222222
82e0a475a88cc9595229d8029273f045,12216.4,41,3.4936708860759493
830379336fad8c6f3b15a4a3ddb5c66e,438.38,2,4.5
83353a83fd769dfafa4f21a72b15e3e5,674.33,5,3.8
834f3294fba9f932f56edc879193f925,44207.42,66,4.545454545454546
834f8533b2ecb6598dd004ff3de7203a,5250.66,41,3.8444444444444446
835f0f7810c76831d6c7d24c7a646d4d,5922.25,42,3.3125
83645b1645cdee8953ee54c29ceed564,1245.1000000000001,14,4.428571428571429
8378eb36b6b70c5734e83ad7b8cdc3b7,1956.67,7,3.769230769230769
83a75eea11694e36e56dd0cb2240229a,529.47,3,5.0
83b08de96980757220871b31bf6cffca,1758.38,5,4.285714285714286
83c465a786b06574376909b35ef6752a,330.46,3,5.0
83c8aafbefb034674a70de0eac5b8954,185.87,2,5.0
83deb69e889cf80f82be1dc6d5f2d486,6276.650000000001,40,4.357142857142857
83e197e95a1bbabc8c75e883ed016c47,7535.52,46,4.7407407407407405
83f2b4881141ce3fcd4e985125d3279e,101.38,3,5.0
8444e55c1f13cd5c179851e5ca5ebd00,23445.670000000002,92,3.156862745098039
845e8036c3f7bf62099352f5ed910240,2045.24,21,3.8333333333333335
8476243f92442881ddd5b578975cf115,8113.03,12,4.083333333333333
84c945f15571830c1a91a33978e94009,78.03999999999999,2,4.5
84deb808079d1be601c209c1e771b1cc,58.14,2,5.0
85044848b1b767db2a4a58526adef4b4,305.51,4,3.25
850857dfac77488c307e2b1cbd84ab5a,1638.72,1,5.0
850913d59ce317156b00f3705f1c3edb,2701.9,29,3.5
850f4f8af5ea87287ac68de36e29107f,48382.72,186,4.288770053475936
851773c885feb5e2da3b4f82bc2b17ce,837.13,10,4.2
855668e0971d4dfd7bef1b6a4133b41b,38408.56,300,3.8306188925081432
8581055ce74af1daba164fdbd55a40de,73473.98,380,4.265258215962441
85cc55e048b6bcc90c75afe7f0e72f72,501.76,9,4.444444444444445
85d9eb9ddc5d00ca9336a2219c97bb13,23539.91,499,4.210216110019647
85e7c62c1d6ea078c3897424f867a7c8,87.7,2,4.5
85ecf03781da592876b7844acc1b729f,294.9,2,4.5
8602a61d680a10a82cceeeda0d99ea3d,1079.9,17,4.473684210526316
8603f0038fe0e52fedd3382d266723de,2845.12,10,4.4
8629a7efec1aab257e58cda559f03ba7,64.11,1,1.0
8629c241b3622ac12cd4118afdc8d394,1502.02,13,4.076923076923077
863d2ebcd347ce4922de7a0f9a5581d6,1605.58,17,4.111111111111111
8648b1e89e9b349e32d3741b30ec737e,8649.02,93,4.12
866558b3bccef2dbc6d29a2b5995016f,1870.75,5,4.666666666666667
86bb7c4b535e49a541baf3266b1c95b1,8487.22,16,3.2
86bf77bdb52e615674772d5817c6212f,379.38,4,4.8
86ccac0b835037332a596a33b6949ee1,19799.95,178,4.033816425120773
86ff3eaef0267069cc891a2ed9d10a17,550.36,7,4.714285714285714
870d0118f7a9d85960f29ad89d5d989a,4428.03,45,4.016393442622951
87142160b41353c4e5fca2360caf6f92,38314.31,305,4.3609467455621305
8759e7aedd644f487315e5860962f162,793.3399999999999,3,3.6666666666666665
876182d1918783bbe15233febfbd4926,155.0,3,4.0
87b4428a334b8f676fd9a7f3bf544fb5,48.98,1,5.0
87b740daf17b5d1be335a64164ec6842,13354.83,11,3.727272727272727
87d30a6a0cbf89356e49324971ab1d24,2349.91,17,4.352941176470588
87d3c3aeb3ead335511b3ce315eb341e,963.06,15,3.5
87d73636a3acf123e842bb890a4db036,313.60999999999996,1,5.0
87e24fc7052259b1f7f607d61c10d8be,7288.25,7,3.857142857142857
87f3e35268860433e13d577825aada95,34.42,1,
880ce4951cf857ab1d9e0b75c1d856f4,197.72,1,5.0
883dd81e82754ac2c65e9790a7db8c9a,394.46000000000004,5,4.4
88460e8ebdecbfecb5f9601833981930,36258.590000000004,246,3.3645484949832776
888faa8bfb0b159c37de6d898b961c31,2945.0,19,3.869565217391304
889009a0ed0bb52c87819941192931b8,122.98,1,4.0
88ae906ea2acf6971f26c3e8b7cb4357,288.01,3,3.3333333333333335
88cd3681e0a2ba85e190f7d817629c4c,199.36,1,4.0
88cf19ec1fc2c58f161aee259d57142c,1607.68,14,4.5
88ef59b51bdaa941d10a853429f2b6ce,294.7,2,2.0
891071be6ba827b591264c90c2ae8a63,4957.05,85,3.8555555555555556
8931a84a914b3fe9b1ddaa4d704947ca,5092.89,29,3.774193548387097
8936ba0de1073ee888cb3185ae5dc661,412.21000000000004,1,5.0
897060da8b9a21f655304d50fd935913,28258.329999999998,304,3.4743276283618583
89757206b887aed36f3e18d858460fea,176.14,2,5.0
89a51f50b8095ea78d5768f34c13a76f,854.26,10,4.7272727272727275
89ad3263c0931c47f976d7c5778e60f6,699.74,6,4.166666666666667
89bc797e2e29667aa035d4368f9b7f92,630.44,16,3.8947368421052633
89c127985a8b130cfa45c1d36764017a,1441.69,6,3.4
89d9a386b0b6e5fc8403071b03f7206a,235.25,2,3.4
89dda63a3c907c468ec88c310ed91213,65.39,1,5.0
89de2d6f23e9746ff309705b23581faa,500.08,8,2.7142857142857144
89f69225956f951295ca4c7fb1266553,1318.71,11,4.333333333333333
8a130737016f838139d31878787a39c9,5064.32,56,4.354838709677419
8a1ff5c35f6595a73fef4c7b96e4908a,1882.8,2,5.0
8a207b6080964f3c1fc9d35bd6096ba4,730.0400000000001,2,5.0
8a2d12a90e92f012ce5226fc6592b653,1933.62,18,4.588235294117647
8a32e327fe2c1b3511609d81aaf9f042,8338.86,126,3.940119760479042
8a40ae794fa3f9892cee24bd5af0488b,946.26,6,3.1666666666666665
8a43128d7f9a3db592b866e6861a6cce,1058.49,3,2.0
8a432f4e5b471f8da497d7dc517666e2,9520.11,95,4.201923076923077
8a87611c08849ffeeccab52aa798b6c7,700.95,6,4.666666666666667
8a8835a43bda99fd37310ad76c457510,258.54,2,4.333333333333333
8a9260f2b0340411d6d2a56bcf4f7378,1396.94,8,4.777777777777778
8ab42aa58097fd4668d60cc648225d5f,3210.39,20,4.153846153846154
8ae520247981aa06bc94abddf5f46d34,17766.34,65,4.446153846153846
8b11118053756a9a2932f447e11fc1b5,91.16,1,3.0
8b181ee5518df84f18f4e1a43fe07923,54.98,1,5.0
8b2492b7ff4468839593fafeed55bad9,4336.26,29,3.888888888888889
8b28d096634035667e8263d57ba3368c,11533.04,139,3.8986486486486487
8b2d4ab22f42c5cfc338b846decfda60,643.3199999999999,6,4.777777777777778
8b321bb669392f5163d04c59e235e066,31186.94,930,4.021978021978022
8b655f0855926bcb49f5835d38dfddf6,1162.81,5,4.8
8b87cd0d43d49b9bdf40f56229364d59,864.88,2,5.0
8b8cfc8305aa441e4239358c9f6f2485,13110.7,15,4.2
8b9d6eec4a7eb7d0f9d579ce0b38324d,5826.85,48,4.115384615384615
8bb48dc19fccaa8613b6229bf7f452a2,6048.12,82,4.336842105263158
8bd0e3abda539b9479c4b44a691be1ec,638.02,6,1.75
8bd0f31cf0a614c658f6763bd02dea69,5423.320000000001,33,4.205882352941177
8bdd8e3fd58bafa48af76b2c5fd71974,2314.2200000000003,10,4.9
8c0de775f52fe41590b376a3b7c50f68,707.52,8,4.25
8c16d1f32a54d92897cc437244442e1b,7754.67,108,4.327586206896552
8c351ed7c326c62123318f4f3246e906,150.66,2,5.0
8c3b533c63cca56240f94f1e3a6b18ef,2459.8199999999997,3,1.6666666666666667
8c5e007d7bd5693fa1386ffefbc99f6c,1407.4099999999999,9,4.166666666666667
8c91bfea4263b8fba54081460693e2a1,785.75,2,5.0
8c9348f33ae3dada25c99c99ade2af78,364.93,2,5.0
8ca1551acf9832a4cf467bbbac15851f,2442.94,11,3.6666666666666665
8ca5b19e0263150d2c57afdde2b3d011,224.68,3,4.75
8cb7c5ddf41f4d506eba76e9a4702a25,97.88,1,5.0
8cbac7e12637ed9cffa18c7875207478,4596.71,66,4.185185185185185
8cc6a0e5738e61a87b03c78b2ba9db4b,13776.6,23,4.416666666666667
8ccf3cf69651cc1d8a02c8bfaf3b8568,288.63,2,3.5
8cf21434553b02cbd37c0bbd07e041b0,73.21000000000001,1,4.0
8d46553a36e68f95350a200c12f8f2e2,817.21,9,4.090909090909091
8d79c8a04e42d722a75097ce5cbcf2ef,3347.25,26,4.592592592592593
8d899e15a5925f097cca50faa49b15e3,795.98,4,2.5
8d92f3ea807b89465643c219455e7369,252.77,3,1.0
8d956fec2e4337affcb520f56fd8cbfd,14302.05,210,4.202643171806168
8daab2245ebdc277c51098d01c5ad8ef,1888.64,16,4.625
8dd386be0767c330276ea6a3f96532d3,134.48000000000002,1,5.0
8de8fe3af4449ed695d2434c933ed73e,2155.35,1,5.0
8def3db7f272735afb2ecd03aeca09a7,229.64,2,5.0
8dfbc5ff27df12f6cef751d3b9554222,316.12,4,4.5
8e29d051f810eb22959ede205b462b9f,813.28,2,4.0
8e2b3afb420011ef0c88c9d5f11ea526,1532.43,11,4.2727272727272725
8e34331b7eedd03be4e5d965c1956225,210.44,5,4.8
8e4f041ff58e7845456d3482524014b3,182.39000000000001,2,3.0
8e670472e453ba34a379331513d6aab1,1083.96,1,1.0
8e6cc767478edae941d9bd9eb778d77a,8098.61,100,4.018867924528302
8e6d7754bc7e0f22c96d255ebda59eba,15793.35,84,2.992248062015504
8e8a7ce9f2f970dc00e2acf6f6e199f6,9968.78,63,4.0
8ea394aed8138685abe1eb9f25e1021d,1417.6,2,4.0
8eb88b0acb3f90a717ad659221471fa7,160.67,2,4.5
8ec76bb0965af3f007692b26fa9d6623,2028.75,1,5.0
8ed8ea9a57c862f2c18c2fe41f601d56,4562.97,19,4.473684210526316
8f0fbe2cd4d472157dc1cdef6edecaa9,94.75999999999999,2,3.0
8f119a0aee85c0c8fc534629734e94fd,4645.89,75,4.246913580246914
8f2b51a30523cdecddc2f179f351c7d6,1176.23,7,3.875
8f2ce03f928b567e3d56181ae20ae952,24969.8,151,4.116959064327485
8f54d64f28a993550aa7943f12572959,3133.12,15,3.8125
8f580d36c1e9d6fbce95283403c7d447,4993.4,8,4.375
8f78f0903005064036736c7173a5c2ed,2745.95,13,3.4761904761904763
8fb67a334bacec338885b4e9e1708073,98.42,1,5.0
8fb791022c1fc8909664f48ab7dc636d,8483.35,5,4.2
8fbd63429be6d3e5e6d1a709b6464802,1240.97,6,4.625
8fbe2ee446b97e128471be4ce983dc0d,188.5,3,3.0
8fd3b4468f6425810648177996c14cbd,376.57,1,5.0
8fdca8e349553f99bc738833a62c8802,1370.22,22,4.357142857142857
8fe8786ee000001ab51d030dfd4a7bf1,2456.44,5,4.6
8fec2e460530482132c436cfb5439925,548.61,3,3.8
8ff1a9df749e454105c55cda13e79143,1677.81,13,3.727272727272727
8ff38bc3969e67c36c48343a07090f66,3859.56,2,2.5
8fff28c4263ddec387f28d237fb42773,112.63,2,5.0
900ba814c251a692506d7834c1218441,31167.460000000003,86,4.226190476190476
901b460cdce0c64e471230d7f2f9f3a3,2012.56,5,4.4
902c99f1ac505c0d18778b61bcd636f7,205.29000000000002,3,5.0
903037660cf848a717166eb7a06d616e,9019.17,44,3.8135593220338984
90b36c5aeb728d5504a39f435bef0c5f,247.89,4,5.0
90b57083da5d803237da74daec6dcb2b,241.20999999999998,2,5.0
910a922b426b7ff95eaee129ad6c0e1f,150.95999999999998,2,5.0
913fd0ebba70bb919f7254a02239173c,179.12,1,1.0
9140bd1d9de28b197dce077bdd687438,1442.9299999999998,6,4.125
9140ef75cc8211c4035935e80e567204,72.18,1,5.0
91543f9849d68d023e17194926598543,1100.57,4,4.333333333333333
916748bc99315c2d202898ae58b1617e,746.51,25,4.34375
916c9de0b5ad957346eeeb12f332687e,5814.27,22,4.37037037037037
918717417d88a9f9ae9735567e6c7682,389.22,4,5.0
918f6fbcf3ab724d805867303e593a1b,112.58,2,4.333333333333333
9198786624eaeb375793215cad26cfa6,1052.7,8,4.111111111111111
91f0eec23d4a61d7d7caeefa3f0ad1ca,2545.26,11,3.5454545454545454
91f5779a8731baca4809fdeade81803f,2117.09,6,3.8333333333333335
91f848e9f4be368f4318775aac733370,6862.49,60,4.367647058823529
9200e6ce317b67196b6b0bad4d4bd567,51.42,1,3.0
921323538c9f1c4e816f2720eac02bea,1642.2,15,4.0
9261d76c62caaf0b24677c2ceb7f8f20,1216.24,6,3.7142857142857144
929f342384a6607afe143d789ade1316,272.76,4,5.0
92c8bc6e8f925792247656fed09aad65,161.24,2,3.0
92d14edfb62ee5ae7fdff70b0f4e7233,487.65000000000003,8,2.769230769230769
92eb0f42c21942b6552362b9b114707d,11262.039999999999,334,3.957865168539326
9315e491484b1b0081ca166fc164108d,60.4,1,3.0
933446e9a59dece7ae9175103820ca8f,87.36999999999999,1,5.0
934ed5cd1b9c1c7382d0a94a94b9e639,152.47,1,5.0
939e6227d6964a11a70aa91243e418f2,488.25,4,4.25
939f6e231201f26803cb5c3a3d2940b3,225.62,3,4.75
93b9a99027bd8bd6af682aff18dd19bf,2366.79,19,4.157894736842105
93bef6edaa84956e8e575016449b6351,129.56,1,5.0
93dc87703c046b603023e75222018b45,8798.34,33,4.15625
94144541854e298c2d976cb893b81343,18715.65,68,4.333333333333333
941554c5757b73ba0e50aa7732310afc,166.35,3,4.5
94165aea8a35c3c21499cbcae239b16c,196.11,1,2.0
94231344608e603693b0a8891143f65d,824.1800000000001,3,4.0
9449f25aeaf531019b76999ea49a6949,2150.04,9,4.222222222222222
9485a23c0430ba1d58d359391606fce6,885.8599999999999,4,3.75
94b9108d4b637ba65bb4f1e53cfcf8d8,334.09000000000003,7,4.5
94c49f20a123aeb9360dbf80ff912bf6,339.29,3,3.6666666666666665
94ca168e8bcb407ab85c5da308863027,311.65999999999997,5,5.0
94d76e96eedd976258cd3278ce56d5f2,454.17,1,5.0
94e93ce877be27a515118dbfd2c2be41,6290.04,29,4.03030303030303
951e8cef368f09bb3f3d03c00ca4702c,5353.54,62,4.164179104477612
9523fb39dd240aa958e040f8183d64f3,168.29000000000002,1,1.0
9535a841eecebed61a9fb1ac1cbb5597,818.33,2,3.0
9539213aa8e023c01937bef95dc006da,319.03999999999996,9,4.555555555555555
954e95f20808d7e5d11f0de292d078e0,277.96,3,4.75
9558aa23f77a9e0a0eca83540999f43b,53.519999999999996,1,5.0
955fee9216a65b617aa5c0531780ce60,156606.48,1261,4.088235294117647
9596c870880d900012f2e8e6e30d06d7,9371.710000000001,21,4.173913043478261
9599519be538b98748162a2b48248960,630.0600000000001,1,1.0
95b293867b5862941c9cd74f756a3c68,746.22,9,3.5555555555555554
95cca791657aabeff15a07eb152d7841,28.22,1,5.0
95e03ca3d4146e4011985981aeb959b9,14054.46,172,4.0
95ec4458365c4d11f452ccf538377619,2303.43,27,4.266666666666667
95f83f51203c626648c875dd41874c7f,4631.8,50,3.2153846153846155
960945e1a9535cbc0cd6ddd35fbe7ae8,3861.53,28,4.655172413793103
9616352088dcf83a7c06637f4ebf1c80,7409.8,91,4.288659793814433
961dff0a659b4561334372337dd897d9,7389.74,3,4.666666666666667
9646c3513289980f17226a2fc4720dbd,4152.23,69,4.342105263157895
96493fab2fbb13a14d0c0e8772eef5c3,20181.23,63,4.031746031746032
964ff64dc05b13811c6d0f41e0aa5f6b,204.06,1,5.0
966cb4760537b1404caedd472cc610a5,47432.57,67,4.134328358208955
9674754b5a0cb32b638cec001178f799,6137.88,84,4.052631578947368
96804ea39d96eb908e7c3afdb671bb9e,4268.0,37,3.9743589743589745
968268a686aa05d1f529fb07dff08130,4880.84,12,3.5
968ee78631915a63fef426d6733d7422,521.67,2,3.0
96e5dc09087bad639b4ee193104ec2e5,154.44,2,4.5
96f7c797de9ca20efbe14545bed63eec,176.97,1,1.0
972d0f9cf61b499a4812cf0bfa3ad3c4,10011.15,81,2.9642857142857144
973f21788dfab357250f69a8dcb7ddee,1309.03,9,2.473684210526316
974cf2cb8f4b7add98709c30df02fe10,3191.9,30,4.166666666666667
97512d3fc193b2d1dfcdba0f9d1f0f8a,1800.42,12,4.3076923076923075
977f9f63dd360c2a32ece2f93ad6d306,3621.92,23,3.9166666666666665
979e9f8b5b39dd243a2550c8b05aecf0,571.88,3,5.0
97e4a63591ca439a2b8b7efd20e6e19e,428.5,5,4.4
97e50a621f8e801f4baf69e08687c192,97.78,1,5.0
97e995629983723d11830a829bc2b246,598.87,5,4.8
9803a40e82e45418ab7fb84091af5231,4791.38,11,3.111111111111111
980640c45d7a4635885491d077167e4d,1246.6599999999999,14,4.642857142857143
98115075dd26cb8835946fc6086f5d30,491.2,4,4.75
984c273121e743dd14767befe6cb17f5,280.91,1,1.0
9853a239ab7b7ebbdc3a21248d5b8e1f,310.2,4,3.75
985c92cc412091f8529c12d7f23d3fef,1606.63,12,4.75
989becdce12ebc39863c2bceab6f3ca1,7117.42,15,4.8
98dac6635aee4995d501a3972e047414,6495.35,89,3.8882978723404253
98dddbc4601dd4443ca174359b237166,211.67,2,5.0
98e164d549402270247f3c96a1a158ef,187.42,2,2.5
98f52e1020fe788c10c0418de4393fec,36.7,1,4.0
99002261c568a84cce14d43fcffb43ea,5188.33,36,3.7222222222222223
9906e7aa42a3c067b7c9a564d01c4320,3115.6000000000004,12,4.0625
994f04b3718c2bab35c2adfa8afecd2a,4044.45,47,4.327272727272727
9996ae921c50e8dff411ac69c0b4bb8b,73.37,2,2.3333333333333335
999f6d9a1c7c81f43be44c6b7d076210,50.83,2,4.5
99a25c39b28a74d1151c35c18d178292,218.7,1,5.0
99a54764c341d5dc80b4a8fac4eba3fb,4877.58,44,3.5076923076923077
99cd94252748d2bdde08e17858233602,181.32,2,4.5
99eaacc9e6046db1c82b163c5f84869f,13723.939999999999,63,4.014925373134329
9a03a4e9eb0b947652fae4f6121a3f5e,1682.22,7,3.857142857142857
9a1aea68d3efa00862ec88c0768037d0,1501.71,7,4.375
9a84ba99f5367fdbd4598363496f1ea2,2638.45,15,3.8
9aa388272ee334b6ae07bc73706e254a,861.46,6,3.857142857142857
9ac4f14370b1e24ddc58be041b7f99df,436.65,5,4.4
9ac75591b69c3402684b6ce0310f22ee,69.67,1,5.0
9add47bf45ce8e8c7db6b9cf670b1e09,5689.2,41,4.261904761904762
9b00cad94ef3078faf6fba2e792c158f,373.82,1,5.0
9b00ed88b7fdb95d6ff76e27c1b52d16,2135.68,46,4.58
9b013e03b2ab786505a1d3b5c0756754,11270.83,170,4.0607476635514015
9b1585752613ec342d03bbab9997ec48,4349.04,3,3.6666666666666665
9b1ab052f5fca308ba743ac789ebb2e1,326.08000000000004,2,4.0
9b1f656ca3060f8af17a50d8a024b533,88.68,2,5.0
9b522ba7eae9e1d04082f267144583cc,1611.55,3,4.8
9b76ad3d04236f76bc71c59470305e13,456.63,2,5.0
9bade61a92bed55a25d2b67b9f4ed739,174.8,2,2.3333333333333335
9baf5cb77970f539089d09a38bcec5c3,6521.34,31,4.4375
9bc484c87d79cd4874e05ca182658045,1075.12,8,4.25
9bcdfa7b615b3abb9461d9e3ad9886ae,2523.79,14,4.6
9bf11dfc0bec77e5a23028043c3c5a8f,132.06,1,1.0
9c068d10aca38e85c50202e17b4a7e88,3108.83,17,4.125
9c0e69c7bf2619675bbadf47b43f655a,35543.82,151,4.116161616161616
9c1c0c36cd23c20897e473901a8fb149,717.04,6,5.0
9c3a1c416c765687bc79a04113269929,133.8,1,1.0
9c3c24eca51c52b91c1de727d2a2ae06,421.15999999999997,6,4.5
9c4d31c7e46ab03a43fc06e3142afd4e,1262.72,2,4.5
9c54608f0996c32ae4743089d915f845,304.72,3,4.0
9c57bc60cfad5ee62d35d3f1ce4593a1,195.43,1,1.0
9c690ceacd5c66731bf443ea810195cb,1121.02,10,4.416666666666667
9c7fd21e0aa159b20da593371f08ff7c,921.8000000000001,7,3.375
9cad4b68bb993ee401a3c5aaa2bc26dd,763.33,5,3.4285714285714284
9cea4682e16655f7da87f406902e989e,219.23000000000002,4,2.3333333333333335
9cf787a239c1aa29dbd76f153dc13f9a,368.4,4,4.75
9d213f303afae4983637247556438ede,120.81,2,5.0
9d39404483343dd55c7ae254494d8388,434.28,10,3.5
9d489893ff6af05029671b785f54b998,401.24,5,4.166666666666667
9d4db00d65d7760644ac0c14edb5fd86,11355.300000000001,97,4.540816326530612
9d5604a1f112324ad6b2aa552122e0fb,761.98,13,3.6470588235294117
9d5a9018aee56acb367ba9c3f05d1d6a,11791.39,66,4.435897435897436
9d681c7e12db302cb261e721040dde65,1058.68,13,4.928571428571429
9d69ba0a7a626a64dc5db08e529559cf,37.54,1,5.0
9d7a1d34a5052409006425275ba1c2b4,1331.87,13,3.75
9da15f4a4ea758d9eeb49000dbe57e22,234.61,1,2.0
9da1ca0bef29ee170e541927a5aeabdc,1612.03,6,3.0
9dc79dd988ac42f4d56c340d7048420a,843.9300000000001,4,4.75
9dd459b29a14bf89d47183cf2cd0e4c7,198.82000000000002,2,5.0
9dd59e43f0c9f0553244e8f9c2fb247e,508.12,10,4.8
9dda5bbacd45e18d6485fee649205d09,2419.33,19,4.2272727272727275
9de4643a8dbde634fe55621059d92273,19282.41,72,4.530864197530864
9df5750209b83567ec144eb299d7d634,5176.3,11,4.0
9e25199f6ef7e7c347120ff175652c3b,27.02,1,4.0
9e6229250fedbe05838fef417b74e7fb,14797.26,73,3.896103896103896
9e6967d3cf386d284251784b18ccb485,654.9,9,3.6363636363636362
9e7c5f4d7770eab65738cca38f9efccf,222.88,2,3.5
9e94fa26a70ede4d26226e918e8706a2,72.74,1,5.0
9e9b539eb2806acee3f5c28085c1db9f,1039.47,3,3.6666666666666665
9ed65337433adfbedefd23dd76eaa494,1343.65,6,4.833333333333333
9ef932e837d8b7f392c0bfee9d359dc2,79.56,1,3.0
9f50216bfd01913736a55a11b55ea842,1671.1,17,4.473684210526316
9f505651f4a6abe901a56cdc21508025,31862.59,393,4.305687203791469
9fbd5666d8618fa571c4230fafa09bd6,96.71000000000001,1,5.0
9fc70243fb26800cba56e8f014797004,571.3000000000001,6,4.571428571428571
9fe7c6641c79970ab48185498f547c09,164.71,1,5.0
a00824eb9093d40e589b940ec45c4eb0,9779.46,3,4.666666666666667
a0415d9b25ede3c4b1e477e9916ffc03,3729.14,9,4.222222222222222
a066df7361163e7ddc5d7452dd17448b,1344.62,15,4.470588235294118
a06c8ff043abea0528ee44171e2140a2,606.9300000000001,8,4.75
a080fc8a850289b27500f6b49cca2553,435.57,4,4.75
a08692680c77d30a0b4280da5df01c5a,2660.91,6,5.0
a09a13f18ed27932d08438aa6f12756e,46.01,1,3.0
a0a14e50070f3225b3eabba5b85da517,248.64,4,4.5
a0d7fbb07bb5ebc3b05980e750db56f3,1085.18,3,2.0
a1040efe9ff4a6f93c28b0499eada8f5,1693.31,1,5.0
a1043bafd471dff536d0c462352beb48,130412.74,702,4.246666666666667
a11a0e0ca67423425691db355cff69b0,476.97999999999996,2,5.0
a13580f0e8f782b7a543885a0ef99f08,1563.68,10,4.4
a13aaf2d2886ab9fb30fb9a920160b8f,1085.83,4,4.5
a1474fd46fd3430168f7ec202da39408,3413.52,12,4.428571428571429
a150c540f572d0fb53992264bc5c10b5,135.49,1,4.0
a1544b9ea0b2390e020537d4daa89049,948.53,8,3.875
a154d7316f158bb42e6fa18bbe3afd3a,190.13,2,3.0
a17f621c590ea0fab3d5d883e1630ec6,3772.27,63,4.175675675675675
a1bea7061f61f6fdd9a85a6325ba1033,910.88,9,4.444444444444445
a1bea9970d8f65b240555f99c2214f7f,102.48,1,3.0
a20d8058c866dbaeca014d2cd20ac62e,1238.9,2,5.0
a213f1bd6458f4a158f3746cb2514559,55.95,1,5.0
a218df5c097b0ca409cfaac1488cc7f6,240.7,4,2.75
a21c11ec5c3f03e7cc9f9203bff9e1c6,475.88,3,3.0
a23266650e7c84bb93fbbba502137478,1791.44,11,3.25
a254c682cc01e119f83530446f1df9a9,809.4200000000001,6,4.142857142857143
a2a41aedb70551d4a85aa04dc2fced48,79.73,2,4.0
a2b5b6105ea5942300631d2e76f4ffe0,4009.34,16,4.75
a2b911e9ad40dc7d61c142a4683e2d85,120.30000000000001,1,5.0
a2deecd5398f5df4987110c80a1972a3,845.8,13,4.230769230769231
a2e874074c877c5a05abae80ad6e488f,8460.34,40,4.190476190476191
a2fa0bdc798ee84cdb08281337cf4fb6,541.97,8,4.818181818181818
a3082f442524a1be452e3189e003b361,399.25,3,4.25
a35124e2d763d7ca3fbe3b97d143200f,490.39,4,4.428571428571429
a353b1083c9863d756d9404695016d64,137.09,1,5.0
a35ef466c6fd6d052f5d241240d3c5e2,649.55,3,4.666666666666667
a369d693961cb93b61ca2cc518872a85,3213.79,11,4.111111111111111
a36ac007a4d18f865c8d32c3b2402c2d,1390.96,8,2.75
a36b125ac6d5fdbc7f50de85c9157bdc,2167.54,23,4.04
a37c340b91cb0169e8b029db6440fba2,439.95000000000005,5,4.8
a3a38f4affed601eb87a97788c949667,31479.280000000002,251,4.403100775193798
a3b0df0065e264a91b7bbf5f844af5cd,218.75,2,5.0
a3b42d266fa8afc874b909422ce88582,921.2400000000001,1,5.0
a3dd39f583bc80bd8c5901c95878921e,5412.16,34,4.594594594594595
a3e9a2c700480d9bb01fba070ba80a0e,16240.83,129,4.0212765957446805
a3f0b55de503387383c7b1de3ad7f678,5577.74,24,4.384615384615385
a3fa18b3f688ec0fca3eb8bfcbd2d5b3,84.25999999999999,1,5.0
a414555ce331b8c8aea4a9cb8395194d,1693.59,7,3.5714285714285716
a416b6a846a11724393025641d4edd5e,27865.8,157,4.215909090909091
a420f60ff1aa9acc80d0e42959f2b313,8543.27,67,3.925373134328358
a425f92c199eb576938df686728acd20,1399.69,16,4.555555555555555
a435b009cd956ea60748b5cfbddf2e24,406.39,3,4.333333333333333
a44fb5a447105f8469bdf16bf9159f25,4292.71,19,4.052631578947368
a45314082d50d578a4721c9787ce09ab,453.92,2,5.0
a45765f8afb1e594b22bf9e974b46765,88.91999999999999,1,4.0
a478c7961d6a992065b24e63b366f90b,1451.56,8,4.888888888888889
a49928bcdf77c55c6d6e05e09a9b4ca5,10373.820000000002,96,2.9711538461538463
a4b6b9b992b46e9ef863637af96e04bc,5502.84,6,3.75
a4b8d97cd5d3674eeff96abc99d8ed67,233.38000000000002,1,1.0
a4bd6e9adf39b63f43dc545d3ca1f53d,1960.97,4,4.6
a4fc6eadaff1576af888509a53420f6a,121.62,1,3.0
a513150f33f99a06569e9cd5c4bb889b,711.25,2,4.5
a5259c149128e82c9d6d46e0c1c812bb,1621.13,8,3.875
a53f60f05f822b5c621a50ff6a5cb362,544.53,4,2.6
a56a8043ebf66e42119618fb8cf232c6,106.73,1,5.0
a56e351445e5863fc8960640ba9190c7,825.98,3,4.25
a5a1bfcf728ab0e19182959cf0771ee4,2160.85,21,4.291666666666667
a5bff0f43eb51f0cad7c37fac7244c8a,541.27,4,4.8
a5cba26a62b8b4d0145b68b841e62e7f,15785.77,53,4.574074074074074
a5dd1946fb63ada8bcaa0c9cd8f11e22,426.33000000000004,6,3.857142857142857
a5ff20ff766e7f50bd5066f33da14413,110.17,2,3.0
a61cc04793308395a840807104365121,38.37,1,5.0
a63bfbaa882c8f4542891b4e2246cc7f,5925.99,6,5.0
a64e44665225d19dfc0277eeeaaccc57,426.76,6,5.0
a663d9c3797e90eac99ff60939416a56,249.08,1,5.0
a673821011d0cec28146ea42f5ab767f,15928.04,125,3.903703703703704
a67780aba9dd436e7ac0aa1f889e73ec,1041.04,6,3.6666666666666665
a69aa24cec11168e7e39a3fbc727e925,140.29000000000002,3,5.0
a6bd7d1ccdac48c6b33b28596b7eb122,14306.91,15,3.5
a6fe7de3d16f6149ffe280349a8535a0,3574.4399999999996,50,4.06
a70e9066dbfd10b6b97a3f54a1356762,2027.4,2,5.0
a72c2f59332659e361d647515c698798,933.9300000000001,5,4.833333333333333
a72f15980dc3e9bfd1a49ac9b2f3af65,108.63000000000001,1,4.0
a7a9b880c49781da66651ccf4ba9ac38,373.07000000000005,3,3.75
a7b7354cc588f7566a848bcbb1ce3d96,104.87,2,4.0
a7c53f6b3b61adbdaa99dda97e8cbd56,110.3,1,4.0
a7c88262832dfc683781d6a421edefae,1602.42,5,4.2
a7d0f8dd44f57ef6de7f7f02e3d82630,99.67,2,4.5
a7dc4098e4da6e41b426269d12ae7e91,554.45,2,3.6666666666666665
a7ecf689b40a44361e259b28939023e4,410.91,1,5.0
a7f13822ceb966b076af67121f87b063,14980.43,73,3.4939759036144578
a806a4bb063ea7ca6d374eafa50a6058,405.27,5,3.8333333333333335
a81466620e46a6970b22ef40379fdfc9,354.78,2,5.0
a8739afb32aaa45e01815ca76f76f54b,563.56,13,3.466666666666667
a888faf2d1baececa6baf9c3d603ee1f,18672.75,53,4.111111111111111
a89e143d5211473ae18db9577ee34b64,79.94,1,5.0
a90a5da8b09e44264a177c0374a5ac87,147.3,3,4.333333333333333
a938325a4b357fd23a6a4d5bb126408e,3791.81,24,3.88
a9415cf907dfa12f9ed18693244f5329,385.41999999999996,1,5.0
a99504ac23ed125aaf5302af6cc30af9,1025.24,1,5.0
a9ae440659f48b7849df83e82734150b,312.02,1,5.0
a9b533a26e898b12e8b8d4c07279bf4d,191.06,4,5.0
aa17b35ce4de7b565be3249ba838944f,114.0,2,4.5
aa1eb17b9fdf6dfd546e25c45c7b9235,154.26,3,4.5
aa2640d851ec322526f1295bbeb20092,182.33999999999997,1,3.0
aa762680c40618316a896838866140ea,323.46,3,3.3333333333333335
aa8af66c623d7d544dfe4bb85b5ebe3b,114.57,1,5.0
aac29b1b99776be73c3049939652091d,9133.28,94,4.0
aac51c486b672a9850d59f3e84b1cf88,859.5699999999999,10,4.769230769230769
aadfe0417e61315688b6bd7043361e25,304.17999999999995,1,4.0
aae3bfea055532c57fb453ed3ec80b30,3857.17,48,3.5510204081632653
aae5953b9edddf14749c0d65d60eb4b9,202.90000000000003,2,5.0
aae5e7b457a3c72ee230a47d98fceda5,745.5699999999999,5,4.142857142857143
aaed1309374718fdd995ee4c58c9dfcd,11659.73,104,4.045045045045045
aafe36600ce604f205b86b5084d3d767,11673.2,129,4.3816793893129775
ab27bbbad5239bc31a34709275a70db4,485.04999999999995,3,5.0
ab3e0c171fe84a7ba7de130f19cfb485,736.33,6,4.142857142857143
ab75b89cc49c9ab3160d0c91565a442a,19.74,1,1.0
ab91571efab27993ff2f6b36e38055c3,158.93,3,4.75
ab9db4cf53b08b828b64dccaafc2d9f0,283.6,4,5.0
aba1721a889e04decc910aa13b768ef4,15352.47,83,4.456521739130435
abbf6046bbdf1028606a5bc7f00c99e7,1994.26,6,4.666666666666667
abc015ebac1d283a323ca9db35ede4b9,1329.65,12,4.384615384615385
abcd2cb37d46c2c8fb1bf071c859fc5b,6121.84,44,4.313725490196078
abe021b01ba992245271b9aa422032df,6837.24,2,3.5
abe42c5d03695b4257b5c6cbf4e6784e,17947.55,49,3.9583333333333335
ac3508719a1d8f5b7614b798f70af136,15410.66,101,4.64
ac51cac5e20d69ff485a54746488ef48,758.7,3,3.6666666666666665
ac6417315ae5da8f9a38ee11de6f7780,851.12,7,4.142857142857143
ac9b01377919cdbd2a1bbb8d5837c70b,79.44,1,3.0
acadd4d36859671cb635527c6c977533,2646.94,12,4.25
acb6c2ca5c82411c1fdb88d5fd5eb95e,575.49,10,3.727272727272727
acce39e832338debb07b02385cde5967,5923.660000000001,44,4.4772727272727275
aced59e9b31ef866a94f9e7f29d8d418,8315.8,61,4.447761194029851
acf974e4d5950ad143a247471b831eb9,753.62,5,4.8
ad14615bdd492b01b0d97922e87cb87f,19.21,1,5.0
ad273c9eb54ecb4532de4bf75bae9e4e,829.75,10,3.8181818181818183
ad420dd0c4f92f8af951ac24b86d0cf5,5618.4,42,4.159090909090909
ad75519a07f039025e83795a4418470f,417.92,3,3.2222222222222223
ad781527c93d00d89a11eecd9dcad7c1,8213.12,38,3.3421052631578947
ad87df7699e83b8a91822a4a0b765c3a,389.28000000000003,5,3.8333333333333335
ad8b531ae67582f096925cff5630d0d1,251.49,2,4.0
ad97a199236354e53fcd91a5a913e9a2,13284.02,16,4.470588235294118
adbc26658d6c7b4b6219f9d934598091,13692.25,88,4.054347826086956
adbe70ab2c97442046d393988c8d1d27,354.65,5,5.0
adcf50477d6a1f5d91bb9d54c4903cb5,1597.6299999999999,16,3.3548387096774195
ade45994b717ccee333492330fbf037b,7479.63,10,4.5
aded58c8142dedc5494a81f948431fab,379.48,4,3.2
ae45ad30c2d2e5913094769690a239d2,283.06,1,5.0
ae45df84722b1d15c5f32b23a095746c,1065.49,9,4.833333333333333
ae7ab174effdead6c241e547e4ca13f0,3574.06,6,3.857142857142857
ae8bfdbf1c2a2a2dee92d799db0a31c6,486.14000000000004,8,4.125
ae9690c6e8fee182c28c9ff8e11ca52c,59.81,1,5.0
aeb36d67f1414f234d42a29e27cf1f17,3548.1,4,4.5
aec99834ab5d38ead22766ada8497e87,476.51,1,5.0
af3ef48d0e13835e529c29ac573c63e5,1873.13,21,3.761904761904762
af4a0e4cfe1d9c26b6712b1be25a72e5,9351.6,21,3.5
af7cdac9d9897cddead9c6b08976c642,694.01,6,3.6666666666666665
afa6714acee029b2dfdf357e5579cc03,3603.58,16,4.0588235294117645
afe0067131b73e40875c9b6c10bd2e21,6151.59,45,4.2727272727272725
b00af24704019bd2e1b335e70ad11f7c,207.25,1,5.0
b01c2b7b8599b325103ebcddc67413e1,242.12,4,4.75
b026643914f651e8371425e5b8a1e780,43.0,1,5.0
b0398568231ba5e6734af1881671a317,770.12,4,4.0
b05b432bf68945d4d9783f9e3ca29ee8,250.89,2,4.5
b080809eaacb49e5ca07290981472431,567.4,11,4.818181818181818
b0b346d3a89f5eb4c2968af3f083cd43,629.7,9,3.7777777777777777
b0f2a6122a90a93eb03e68653dd960e3,1758.28,6,4.857142857142857
b1204cfda1d4948679db3cfc0d3cb95c,511.25,6,4.333333333333333
b127efdabeffb5d559349c7b172eb75d,421.27,10,4.8
b12cfd255810394b60caef18ae163547,726.15,2,4.5
b14db04aa7881970e83ffa9426897925,7700.4,78,3.8020833333333335
b16d3dadc47d4eb18be3d88bad0775ce,900.54,10,4.363636363636363
b17b679f4f5ce2e03ce6968c62648246,4404.36,50,3.9215686274509802
b18871c324516afa228a13e8f1ef0ae9,1308.4,9,3.9565217391304346
b18dc380845b24038cfc48006478f099,8550.83,43,4.297872340425532
b19c48688808720822399ffa9f2dbe2f,984.8100000000001,1,5.0
b19f3ca2ea475913750f25a5c37c8d8f,5176.65,19,3.263157894736842
b1a81260566c1bac3114a6d124413f27,10250.2,51,4.222222222222222
b1aaae6b66ad3c40f54b389d7ea4bee0,1569.24,15,4.470588235294118
b1ac6ea7895bc3dd6f0f6f4abbdd2821,3734.36,38,4.526315789473684
b1b3948701c5c72445495bd161b83a4c,21924.25,14,1.9285714285714286
b1fc4f64df5a0e8b6913ab38803c57a9,10140.99,107,3.7815126050420167
b1fecf4da1fa2689bccffa0121953643,4066.7200000000003,19,4.95
b2479f944e1b90cf8a5de1bbfde284d6,6874.23,101,3.328125
b248792ac0b60ec3f93d80af1b4fae47,608.35,7,3.7777777777777777
b26741d31a563d769b4af0465ab20c56,695.03,2,4.0
b274baf5bbd142410eb2958cf685d684,734.57,7,4.285714285714286
b29d3380981c51df13fc6fbe87e1763d,533.88,6,4.0
b2a6d334e2833acea353624840e25a0e,2038.5900000000001,25,4.5
b2ac621f0d0322434d04a12b078b9369,10356.89,30,4.4
b2ba3715d723d245138f291a6fe42594,55596.65,324,4.204610951008646
b2c97074649f92197d9387d9033dda5f,964.0799999999999,10,4.636363636363637
b2eecf5ea250510da76590ca79d60e5d,1213.15,9,5.0
b2f4d63c7203f539a78252565ca32257,35.74,1,5.0
b32be1695eb7ec5f10f72d9610a12527,29512.68,44,4.159090909090909
b335c59ab742f751a85db9c411a86739,3039.04,30,3.935483870967742
b33aaadd1a8891d2dfef0c4c3bdf0371,1863.04,16,3.764705882352941
b33e7c55446eabf8fe1a42d037ac7d6d,46871.55,149,4.190789473684211
b347677812ea483b0f528eaf8cbc09b7,8051.34,21,4.523809523809524
b372ee768ed69e46ca8cdbd267aa7a38,13813.84,63,4.391304347826087
b37c4c02bda3161a7546a4e6d222d5b2,24487.6,4,1.4
b3809b8d4394588a47c8470ea331e135,96.88,1,4.0
b39d7fe263ef469605dbb32608aee0af,6100.2300000000005,43,3.7872340425531914
b3b17aab11f273023a5f22ca52e1eb70,7325.35,7,4.846153846153846
b3e2faf2c1004d674f16a3aa3197f0e1,95.24000000000001,3,5.0
b3f19518fcec265b2e97af287725f981,569.8,8,4.375
b410bdd36d5db7a65dcd42b7ead933b8,8319.710000000001,42,4.809523809523809
b416191c9813d821a295cfabafff4161,150.14,2,2.5
b43d8b707f887a30f4675391098354a0,1526.76,3,2.5
b44dbfbf62e52125f3c15d230569ea91,699.0600000000001,4,4.375
b452cb0ae35044c4a53179c39f49fb06,101.98999999999998,2,4.0
b45d7ebfb7378630f1bcd74b6ff86ff7,968.1399999999999,3,4.333333333333333
b494891378bd8f4560abe576c52deacd,3134.98,19,4.714285714285714
b499c00f28f4b7069ff6550af8c1348a,12665.78,147,4.225274725274725
b4a476fbd28de64b1e347abf9089366a,5275.11,30,4.0
b4b447d715f9ab302a188fb43d3e96b3,779.6600000000001,5,4.8
b4f8921fcc4ff77b66bea6dda43dcd51,12863.41,18,4.6
b4ffb71f0cb1b1c3d63fad021ecf93e1,9137.44,143,4.030487804878049
b55638ad525e906c698fa2ce742c1742,1385.67,11,4.166666666666667
b561927807645834b59ef0d16ba55a24,5807.03,85,4.336842105263158
b566ab0ef88016e00422755e305103c6,1428.22,5,3.2
b56828a9f9027f3c918c04ca720d9e3c,471.61,3,2.6666666666666665
b56906f7fd1696e043f1bcce164c487b,2995.42,40,3.9523809523809526
b586cd24c010a13916af621b0325fbba,1372.93,6,3.857142857142857
b5abf4f36adc043117b4fca82c22984c,969.9399999999999,8,2.888888888888889
b5b800c4065bebf4d3442311c9857344,88.81,1,5.0
b5bb2b985208834bd5bd86c7a402bbad,659.72,2,5.0
b5d034ac251546e25afe9067f05c1539,85.27000000000001,1,5.0
b5dd7151a92ccaaa282cbe9681a05f44,103.7,1,5.0
b5e3e38609125694d2ea2417522a60b7,1296.18,16,4.352941176470588
b5f0712d22a873b6797ab6cc65c3fcba,21.28,1,4.0
b5f49fe968dff6b112861e6cd8e192ef,237.67000000000002,1,5.0
b64d51f0435e884e8de603b1655155ae,773.54,17,4.130434782608695
b67d6c666e8dce1d078c882825e12704,457.03,7,4.875
b6d44737c043328708f6749c2dbe50bd,6834.01,61,4.569620253164557
b6dc74ed30f124f95227bed4e43a3bed,551.89,9,4.7
b6e1504972665f739dec4facb9943775,1710.3700000000001,14,4.357142857142857
b6f52e346160519c24a23af05410ad32,143.25,1,4.0
b74d1c09cb380e1d03a6f859c6f4224b,2984.58,30,4.2368421052631575
b76a1f8356322f12529c37b67d5c96c2,354.89000000000004,5,4.8
b76dba6c951ab00dc4edf0a1aa88037e,4827.34,157,4.1878787878787875
b76f4d90e85657a240495c876313adc5,318.3,1,5.0
b77a27b1864483e721dc831d5ba4afa0,35.42,1,5.0
b7ba853e9551f4558440881fd3e5c815,162.6,1,1.0
b7cc6c5e001441ae8cdd5c69a480cbe4,590.05,5,4.6
b7d5b4b87af9d42b601865d3f3810bff,370.69,1,3.0
b7e1750c1157341d2abd0251e07c186b,220.56,3,4.5
b7ed9fb14c8eadb37adb9c45d67ab0fb,787.75,7,2.909090909090909
b8114f2f589a6804810f04f99b36b498,1692.03,8,4.7272727272727275
b81e3a6c866a764974fe849821abeebd,1053.01,8,4.545454545454546
b839e41795b7f3ad94cc2014a52f6796,43749.93,33,4.027777777777778
b83cedfb587e7911540e3f576d6917ce,2568.75,24,4.24
b8555308bfdb4ca1ed54325a58da9a97,3630.03,26,4.071428571428571
b8578d2d823bd8e251f6fdd02b40902d,1499.6,9,4.444444444444445
b8630e1121437d41cb08e3c749c2c2e2,7334.1,12,4.333333333333333
b86a47b3366e3b5424a7b225781f4908,106.35,1,3.0
b87a7ea0c30fad2dd6781b74a0064859,637.75,9,3.4444444444444446
b88e7c57cb2d8b973b7dd4a2bfa14b36,419.6700000000001,4,4.25
b8a0adc91af209270c2c725168eb00fd,388.49,6,4.0
b8bc237ba3788b23da09c0f1f3a3288c,15621.16,45,4.3478260869565215
b8d890108a7a80e4f5d59eea9f362438,124.28999999999999,2,3.3333333333333335
b906dd0e57f282c7089171b6ed07982e,210.75,2,4.0
b90e891671cffd9557f33a97dc523645,5081.3099999999995,34,4.128205128205129
b92e3c8f9738272ff7c59e111e108d7c,10645.3,62,4.057142857142857
b94cc9f10ddc85e4ba73a6f7974e7101,26368.489999999998,39,4.297297297297297
b98b715fe9e276204e2a3464f48cd796,439.53,4,4.0
b9a03475e6447e631b6799ec8274800f,1644.0800000000002,10,4.2727272727272725
b9c0ffa92f3ff9a5a3d45ef7213c0842,572.17,3,5.0
b9ca8e8baa5d4aa038394a700f63e69f,1677.95,14,4.214285714285714
b9de031b671cd48b28fae9d828cbf2b4,198.69,1,5.0
b9ec22de23f18567de0e09d776ca0309,382.47,2,5.0
ba143b05f0110f0dc71ad71b4466ce92,7309.37,83,4.464285714285714
ba5daa4041e1f15cdf34b76e3e18a450,959.35,15,4.266666666666667
ba6b4a237f92479743cf0ca06b67a9ac,913.71,8,4.25
ba6b68b55fe8704377a7d43c8e5c0185,832.22,5,4.2
ba6ce6de456f6c11d08c17701ba5c26f,874.51,6,3.7142857142857144
ba89796db68db180bd389de96b2ff3b6,353.26,2,5.0
ba8e85df286308fe68a2ce83a8f8b2d6,97.66000000000001,1,5.0
ba90964cff9b9e0e6f32b23b82465f7b,45523.5,38,4.421052631578948
baa49d93c8c8841e27400a300f5d74b2,334.42,6,4.5
bab0a8cd684e41ba6e2637dca0979d3b,289.03999999999996,1,5.0
babcc0ab201e4c60188427cae51a5b8b,93.13,1,5.0
bac44fa8e13424950488659b5f765c41,34.42,1,5.0
bac692d6c0ed08467878018e6cc9c26c,559.23,1,4.0
bacb1f0ed56ad24198f5810d2b3fe9a5,6847.7,38,4.324324324324325
baeda7047354773262ba2405f97038ba,50.1,1,5.0
baf15155e37ef5492731459bdc05be8a,55.72,1,5.0
bafc5aa11e413978be29040f51342e70,1829.47,9,3.7777777777777777
bb135baca94c82fcb731335ad5b04a03,1522.68,18,2.6578947368421053
bb2afe2061d53c6968aa0cffa233a8ec,644.02,5,4.833333333333333
bb3dca718920a4d7ec3cc9ffb025108b,201.7,2,2.3333333333333335
bb5bd94c8f59cc050072d2930c869cac,2846.64,16,4.235294117647059
bb5d956dece964a06c12bceb66b923ae,1328.5,2,5.0
bb7a14e229b1c95156719c3d9552eeee,3047.6099999999997,10,4.5
bb7ad8a45c027be8ab075b8e465f8ca0,52.620000000000005,2,5.0
bba3293d6f5d5af2f415e004e8b93ae3,12028.79,17,4.294117647058823
bba74270a87732727b5a3b4fd9ac1c39,6708.34,35,3.875
bba8d0c234a52b87b3957037a215d1a4,139.53,1,5.0
bbad7e518d7af88a0897397ffdca1979,5741.24,68,3.0481927710843375
bbaff50f3b708fda865918715276cd87,651.77,12,4.8125
bbd3acfe6de99892e73940d3fdceaf68,93.55000000000001,2,3.0
bbe87dce25ba8b38bb61cc7210a3f10b,355.39,2,5.0
bbf4a892cac7b82422baa711dffb8997,105.34,1,5.0
bbf9ad41dca6603e614efcdad7aab8c4,8622.26,14,4.5
bc07d855eac23aab5ac8a120f21d16b2,1407.36,11,4.416666666666667
bc2ac6b95e1accce9858528ee566c17e,2279.56,18,4.636363636363637
bc302730ea8cf49b5c74f579febb5bbf,2930.17,11,3.8181818181818183
bc30de0d71bd6260b936a026b5cf7200,482.84999999999997,3,4.666666666666667
bc39d8938f90a3a2b98193723ed59774,329.11,2,4.0
bc47d5d1490df2b36add65d733eafaba,1301.8600000000001,21,3.5454545454545454
bc503e244f187939d10c92a5c8e378ce,603.72,6,4.153846153846154
bc8c8d665ec4664d286be0d521722b19,30.82,1,2.0
bca9230d3bbb4efa51872bf605a2f1ad,168.2,5,4.0
bcc9dd23e2a8bd8267cf92b19304a1b9,246.22000000000003,3,2.3333333333333335
bccf933e006e9b94a6184af782963e77,5047.21,45,4.533333333333333
bcd2d7510d58e293f20fad6438c1b314,39.46,1,
bce6a5ecf98e99fd2a8868b15c51f04b,3706.5,14,4.133333333333334
bd0389da23d89b726abf911cccc54596,9128.47,87,4.2
bd0a1b0aadca9a83d9304f7e8ff5fbd5,205.19,4,4.5
bd149ed516d4c5d418d5781f8e18919f,555.9399999999999,8,4.888888888888889
bd15ee794d5e640d9dd71b665b2ab15b,594.13,12,4.0
bd1d49a326abfa9b1036772e40445430,826.2,12,3.8461538461538463
bd23da7354813347129d751591d1a6e2,11089.16,86,4.127906976744186
bd43e172d599bed47a85da877172ca8c,42.19,1,5.0
bd4431c1a8dfa744b59e1e2a8bc99b9e,1013.59,7,4.571428571428571
bd4889b5e9133b35b66e42a8665cea5c,7256.54,36,4.463414634146342
bd4ff04377f974574f7f0bf9d6ce7dde,215.10000000000002,4,3.5
bd65d163ded559eb90a10cd09fec178f,38.480000000000004,1,4.0
bd697db56ff8e7c9cd1abeb7f72029b2,3198.9300000000003,21,4.333333333333333
bdae679a9b282249bc23b9b69dae9a99,851.98,6,3.5
bdb3edbaee43a761e2d4f258dc08f348,328.36,5,3.8
bdf0d02d36a1d839d0c39c4a887cdd49,215.95000000000002,5,5.0
be1e9e378700cecaa4ebf71433d7915c,157.51,2,3.0
be3b4b0f050a6aa1b2d901c4b77e979f,733.7199999999999,3,2.75
be67f78487e2cecb0d55bc769709e4f5,125.64,1,5.0
be7a093e5b4d147b36b72bb1f9e415e5,83.25999999999999,1,5.0
be8e909810184b9b19e886129149d8e5,846.08,15,3.7333333333333334
be9a160a9011f627c3e121d076c1ec7b,2230.12,5,4.6
beadbee30901a7f61d031b6b686095ad,5311.52,64,3.9411764705882355
bec568278124768c474ee90971ca94d1,249.06,2,4.5
bede56095ba33c42038fb85f707b8a42,4184.77,2,4.5
bee36b4f9a2b9fdcaff6ec05df202ed0,27.86,1,5.0
bf00385a5f7fc1ef39a13c2e9ee50a5f,1189.25,28,4.428571428571429
bf0045791395e66460eb04749c68672a,155.25,2,4.0
bf100ecb7997df312b285358fb32f92c,2337.01,20,4.368421052631579
bf3c6d2a28b2b5501e6c15448982dcc9,4648.150000000001,35,4.4186046511627906
bf84056e679dbe9c69929847a40e338f,2356.58,35,3.763157894736842
bf961104a38e01b9062ee026bb657dee,665.46,4,4.5
bfd27a966d91cfaafdb25d076585f0da,21861.41,114,4.324561403508772
bfd938b22bc99bce1ae60dc602889f52,723.87,4,5.0
bff9deb0ec77d437f3305a79cf25529e,242.74,5,4.0
c003204e1ab016dfa150abc119207b24,29618.460000000003,195,4.44
c00396cbdd2e088fe4281baa5920aef1,905.8500000000001,1,5.0
c004e5ea15737026cecaee0447e00b75,2455.12,1,1.0
c0098efcf800861dcae589affca31408,1376.74,9,4.777777777777778
c013e57c075a06e5b5c48ee03c525719,2828.66,42,4.155555555555556
c026ef0d72e9132d9fa112308090c8dc,557.72,1,4.0
c03121937e54a93fcc1825c3098bbb6e,1197.94,7,5.0
c04d70d515d15a7e3db3a73320598566,214.82,3,5.0
c0563dd588b775f2e37747ef6ad6c92c,4094.6800000000003,28,4.357142857142857
c092292535a57dacd95a8765f5518f87,143.98,1,5.0
c0aff2da32c17759d30b22fb0af6649d,272.33000000000004,4,3.8
c0e0b73d039eb9a99b6ce4cb7a429cd3,37.56,1,5.0
c0e6839516f5398edc34adf5f1d53d1a,49.04,1,5.0
c0f3eea2e14555b6faeea3dd58c1b1c3,95.64999999999999,1,5.0
c0f783394e37cd9c9d7f5f81141450fa,336.75,6,3.6
c113b8df1fc375bc3d73d29c1b1144d1,400.87,3,4.2
c12b92bf1c350f3e6bf88d3596219c86,5252.84,17,3.8823529411764706
c12d7463a579237ffb9248bd7cff378b,34.62,1,4.0
c13ef0cfbe42f190780f621ce81f2234,451.28,1,3.0
c13fb473e7cb8b83ccd543c094df0608,83.52,2,3.5
c1552b1dab6e6f760950368ae61fb600,68.69,2,2.5
c157bdeedcbc9a8e3c8bf0d87ff24428,722.97,7,4.5
c161d1327ebc3a156c09582ab2f59f6c,51.55,2,4.0
c18309219e789960add0b2255ca4b091,24.0,1,5.0
c1849d4d32d7a6cecd5aa471809d3135,430.71,3,4.333333333333333
c1d1ebb4745cc43cb6f05e9c8a705c9a,31.71,1,1.0
c1dde11f12d05c478f5de2d7319ad3b2,19.89,1,1.0
c1ed9e3daf6154542826a6996af0fb8c,1050.0700000000002,8,4.625
c1f12f926d0ba950578b4fa41115cbb6,556.56,2,4.5
c240c4061717ac1806ae6ee72be3533b,73.89,1,4.0
c24173065483e421f9e5e7f599de101d,491.21,9,3.5555555555555554
c26a2be5b53b7db6b276280da212a779,8288.85,13,2.7222222222222223
c26ba52cf8d2f34915f2f6b7ffa0a3f3,146.22,3,5.0
c273175f7c6c80fb02f051e2fc6d0d72,1443.45,14,3.7857142857142856
c286ec035ee04ba81c97508f0b5df544,344.67,1,4.0
c2bda99904207edd1834f03e0022b007,47.68,1,4.0
c2d70ce2c5d0a2eb75e78668236e6dc8,2699.92,13,4.666666666666667
c31eff8334d6b3047ed34bebd4d62c36,15350.85,120,3.875
c3251e13f1bbda6c74e37c160f991e19,513.08,2,5.0
c32fc744b9160ac853450488e3cfea93,79.85,2,3.0
c33847515fa6305ce6feb1e818569f13,19894.26,114,3.71875
c33a5c3c983090c8b78a28e65052a20d,687.33,8,4.125
c353f8fc0ce8344999f17d578eb69a5e,212.57,2,5.0
c35672b10ad50968f567ea3f4b91e877,1515.35,18,4.454545454545454
c35affa65afd250151285c5917fc1c8a,5424.76,8,4.25
c360e4787614ed31ac7a2f95d3b22dc6,218.95000000000002,1,2.0
c37b2059d4f90d4feead554e5246565e,1061.28,12,3.75
c3867b4666c7d76867627c2f7fb22e21,39360.2,228,4.01673640167364
c394e193cda3b4225ff2094d32184849,3312.4500000000003,2,5.0
c398bc00a606d33758afd91f4e64fd15,165.5,2,4.5
c3aad7dc65449ae90a5e9c3c6c1e78e0,640.36,6,4.666666666666667
c3acdfac4e3e97ff87529454fbc03642,17057.28,12,4.25
c3cfdc648177fdbbbb35635a37472c53,49127.81,278,4.447712418300654
c3e1abd72a42fe690fcd89cf5720fe29,1967.58,13,4.461538461538462
c3e2398fcc7e581cda2e546557bf6968,30.130000000000003,1,5.0
c3ee2331a724e6fc02c4b698b57a73f3,1487.88,2,3.0
c3f5668699a1b04c0fa61ecea1e2bff6,514.9300000000001,3,5.0
c3fe93ba3085f92855c97e57f38c8c05,317.18,6,5.0
c42fd8e4d47dfb18ce5222f2dd7752f9,628.63,7,4.0
c43d924a0f1688ee9fae0efcd6f539d4,45.01,1,4.0
c447f8dd3ed213f291d65ef074a268eb,777.23,7,3.875
c458e2045a8aa8964f8879af03fdcce6,691.7,4,3.111111111111111
c4af86330efa7a2620772227d2d670c9,5760.96,4,4.333333333333333
c4d51195486dc781531876a7d00453d8,12038.35,17,3.9411764705882355
c4f7fee5b0db50e87766f5a4d1b1b758,2914.72,5,4.0
c4fabeea6e569d42d02993bb1f4f1cbc,1136.52,11,4.0
c4fb51fb1c5b7c07bc5e67be6e7e8f6e,2126.61,15,3.5
c500367424994318b9e779ff1ae9a330,4658.39,9,3.7777777777777777
c510bc1718f0f2961eaa42a23330681a,10851.45,12,4.25
c522be04e020c1e7b79f3acff36513d5,740.4200000000001,6,4.0
c52c644cc0dc85121207a27013efc6af,680.96,1,5.0
c53bcd3be457a342a97e39e5a9f0be22,695.59,5,3.2
c54679b132454625907c773d273d4126,1139.93,7,4.875
c5e60e39c0f42b8e827daa13cff74afa,223.1,6,4.125
c5ebe6598748b0aeaa61cfb820478b92,337.16999999999996,3,4.666666666666667
c5f7e746b7e6d07def6c0dae9903279b,1658.9199999999998,10,4.454545454545454
c5f7feb04a6a1fb3596322bfc3cf1917,2058.46,11,4.2727272727272725
c60b801f2d52c7f7f91de00870882a75,11994.94,39,3.4358974358974357
c611f4ce9ce875bcc063fa97fd4d7d12,332.25,1,4.0
c6218512d16fcac0af02fe92691cf274,868.64,8,4.0
c6381b1321d7d97717a5bb4ed5b77882,100.00999999999999,2,3.6666666666666665
c6381d2d013342748761e906d45aff76,2614.26,15,3.0
c64a2aec32cc408a8a4c6d7c46017f91,3628.17,9,3.888888888888889
c66dccfb3f109511246da627dd5a2498,13127.29,44,4.568181818181818
c679fb69a36e1d8349e8c50a217b4d58,2213.89,14,3.5625
c68fb906c8f4b4b946d8386bfa6e5467,5433.61,45,4.51063829787234
c6a7539d424a8402232c2228d7a03c5e,1001.32,10,2.6
c6bda72e4dbf5c5866b13cb1810c6d03,15196.12,59,4.389830508474576
c70a353f02429c00775a46a75fb787da,336.94,6,4.666666666666667
c70c1b0d8ca86052f45a432a38b73958,40190.56,260,4.315315315315315
c714262700f93defc16bf17a51a4cb23,491.33,4,3.75
c716e0b86ed568878475b60fbb6323ad,50.230000000000004,1,5.0
c7246702dc991a06d788120dc7544391,72.52,1,5.0
c72de06d72748d1a0dfb2125be43ba63,18733.18,21,4.454545454545454
c731d18cea9bf687ffee82a241c25b11,4272.65,24,3.96
c747d5b92c7648417faea95d36d763e8,224.75,1,5.0
c74f14c1e26cf1bd5bd34b6a1e274426,55.79,1,5.0
c76d418370990614e89e956c7a7567d9,369.77,2,3.5
c79151301b9d90985d1fa52879213105,383.44,3,4.857142857142857
c794dab4928dd97beb41d05514441e86,1544.59,16,4.375
c7a0a13cbcf29d5ce51c8f80afdc0b89,657.8000000000001,8,4.222222222222222
c7b7db6c8f3c64a7cc1afa634db21d50,1511.86,1,1.0
c7bb64409aa480bb7d0335faaaf3d242,165.16,4,2.25
c7c7b2682c648339a0e9846bb1023a39,199.68,2,4.666666666666667
c7dcd301ecfe5ab7f778ac172cf74be7,458.19,3,3.0
c7fdb77fdbff3c41981bc52f787e959e,825.16,9,3.5454545454545454
c8025364abeecb115431bf95c11a747f,971.28,2,4.5
c8143b3069f6746a77421b5ce30a450c,185.88,1,5.0
c826c40d7b19f62a09e2d7c5e7295ee2,50096.67,346,4.09065934065934
c840d3fdbba0790404fdae73d253b253,4881.93,9,3.9285714285714284
c8417879a15366a17c30af34c798c332,2192.85,25,4.029411764705882
c84592044b180dec206770c38603814b,700.97,14,4.428571428571429
c8467937e403e76a8ee9f0ab13f6f5ef,2442.74,30,4.133333333333334
c847e075301870dd144a116762eaff9a,16341.480000000001,41,4.195121951219512
c864036feaab8c1659f65ea4faebe1da,12299.77,58,4.568965517241379
c8660dcf9ba70575f45d80fe28c27713,438.99,4,4.714285714285714
c8665a4dd081a2c436b1cd921079d0d9,93.53,1,5.0
c8771b1a10bb99bb34d3c459c5cffb53,96.10000000000001,1,5.0
c878515173c84a492ebe50d6b493230b,1308.04,9,4.2
c87abc38c8ed3240861729e1aeadf221,148.68,1,1.0
c89cf7c468a48af70aada384e722f9e2,971.01,14,4.0
c8b0e2b0a7095e5d8219575d5e7e1181,13657.34,84,4.0476190476190474
c8b3445d737de6befde0c88ede534a5e,3800.79,30,3.9722222222222223
c8c1bea22194a4eefa2dc9a9fa89f536,1558.73,7,5.0
c8cc60ffd415254af5d9b9f34f32c369,916.23,8,4.666666666666667
c8e135e7b21ecbc36c1153a29d2f5a06,1267.48,7,4.857142857142857
c963a25b8671419c6ce9eebe8fd03218,68.32,1,5.0
c97aa4ee7420f937da13b7f9e2228b99,36.56,1,1.0
c990d6cf976a5718aaedc539f383ab88,298.45,8,3.4444444444444446
c9a06ece156bb057372c68718ec8909b,4281.96,11,3.3636363636363638
c9aafcd0621b2207c10e32c649cada4d,3488.55,40,4.340425531914893
c9c7905cffc4ef9ff9f113554423e671,12766.71,127,4.158273381294964
c9d2ba8dde44a275ae06475ed1d2fafc,43.31,1,5.0
c9e5ad1f6647f5dbd1172adf6ae3cada,319.97999999999996,4,4.75
ca3bd7cd9f149df75950150d010fe4a2,12572.36,68,3.785185185185185
ca4b77513ac2040591b0d8fae6958380,1973.6200000000001,14,4.466666666666667
ca5832c6960267b71041f74bb39e8b12,97.71000000000001,1,1.0
ca77545ca4d2dfd1431bf61334e2fa3c,973.71,6,4.8
ca7c6bd577e559472af1c699de9e764e,218.82,6,4.0
caa9bc43a9fe8cf9c564ddd8a03cc4a6,1037.74,13,4.6923076923076925
cab85505710c7cb9b720bceb52b01cee,13951.99,201,4.3399014778325125
cac4c8e7b1ca6252d8f20b2fc1a2e4af,5658.7,74,3.54320987654321
cac4e0bc1a3269fa2b6ea5e763f6115b,108.02,2,5.0
cac63f48c38cd7d002a7e846dcd99a23,1014.62,10,4.8
cac876b37d3abcd6bd76caca30277996,2958.79,27,4.5625
cad10cc982ab6a391570c211b995c17c,60.19,1,5.0
cad9969167c09b48ae6f1d123f7fa68d,37.51,1,5.0
cb0b3bcf14e0a709df412a99424a59d7,507.43,2,4.5
cb162c8eef257253782d245c08d9097c,49.120000000000005,1,5.0
cb32766839f443db85c82a43c4a6c19e,265.51,2,3.0
cb3dd9ce66268c7a3ca7241ac70ab58c,3608.67,48,4.2
cb41bfbcbda0aea354a834ab222f9a59,4650.66,11,3.272727272727273
cb4a705d00e100b9732d0ca34817d441,1080.56,1,1.0
cb5df0dcb9e280b1780e9d589889f2c7,2068.7999999999997,11,3.5454545454545454
cb5ff1b9715e99589f3e0c7a6afab9e3,139.03000000000003,4,4.0
cb6c9f5888a7a090c75beaf615925792,1008.97,11,3.8181818181818183
cb810bd318f51b3dc3c753944d61a1fa,1789.02,1,4.0
cb8bcce248bb1fb274ba762d8b971456,10352.49,66,4.343283582089552
cb9fb4ca75d7ba8437480e8dde64fe98,705.56,10,4.0
cbbd5ae8f53de5f5097cd8217b529e24,208.16,1,4.0
cbd996ad3c1b7dc71fd0e5f5df9087e2,10989.44,160,4.132596685082873
cbf09e831b0c11f6f23ffb51004db972,1815.4,10,4.4
cc1f04647be106ba74e62b21f358af25,20.189999999999998,1,1.0
cc3d14116804f7209f3884f6367f1152,6060.59,27,4.666666666666667
cc419e0650a3c5ba77189a1882b7556a,125936.98999999999,1651,4.142274052478134
cc5a78bbad32776dc4e3af205218368c,5573.35,33,4.473684210526316
cc63f0dd2acba93ffed4fe9f8e0321fa,8496.68,55,4.0476190476190474
cc80e2f693fa6e2408f47ccf62413fc1,508.63,2,4.0
cca3071e3e9bb7d12640c9fbe2301306,77188.55,699,3.87875
ccada0ef508e698917a6eab263375905,231.96,3,3.6666666666666665
ccb83a794700270fde70898fe9ff368b,12785.73,12,4.333333333333333
ccbd753e6863fe7314dc6c0ca5a074e7,596.56,1,4.0
ccc4bbb5f32a6ab2b7066a4130f114e3,78101.34,184,4.319148936170213
cce6ab8d1682639fe45ab70234f1665f,3579.59,61,4.53125
ccf8813e5a7d6c84d865cd38bfc2b130,3051.29,26,4.384615384615385
cd06602b43d8800bd0afad514919d35c,3287.85,43,3.730769230769231
cd2169d9f31ff6fbb9ca3373b0c9e354,625.33,1,4.0
cd233f8bfa30ebfd651f47ee7d054951,98.56,1,5.0
cd3d09fbe6e3e9ff0c0ac0c300e93ae7,880.23,12,4.166666666666667
cd52a8efd71af3336b14b5039b951cc1,146.1,2,3.0
cd68562d3f44870c08922d380acae552,20279.86,122,3.90625
cd6efc47efaabf134f8bdb654e10b4f1,4757.16,31,4.5
cd843d4cf8ef32827de0396605163ba3,2612.56,5,3.8
cda598c48d7c614bc1cad7d8ff6f0010,1420.2,17,3.9444444444444446
ce20a2ec1514c25e16f2b5b39bc818f0,496.03,4,4.857142857142857
ce248b21cb2adc36282ede306b7660e5,15455.2,64,4.246153846153846
ce27a3cc3c8cc1ea79d11e561e9bebb6,11620.12,122,4.118110236220472
ce33c6211beaa8fef4cae8b52db39862,63.519999999999996,1,3.0
ce3ad9de960102d0677a81f5d0bb7b2d,174.21,1,5.0
ce4755084bc097113867e6454f8f5e52,31.689999999999998,1,5.0
ce616e1913288884e7742faac9d981db,593.45,14,4.636363636363637
ce69a8021d18961dd2a40269b7c2c293,5289.05,19,4.473684210526316
ce7d1888639e6fb06b2749cbfdac1ff7,14876.54,78,4.107142857142857
cea729054f157f5870bdd321a958d994,2831.62,24,4.1923076923076925
ceaec5548eefc6e23e6607c5435102e7,57653.73,198,4.201970443349754
cecd97bc34ed8330bd4cd15713eda670,76.5,1,1.0
cee48807215b30a12ca2ca10ffb5f250,8125.52,39,3.7
cf1313c6e2c01c2f4b014f97db4bcd2b,397.0,5,5.0
cf2384dd2f1dddea3f838efed0945e65,2534.94,16,3.9375
cf654707ed6a99f112c7ec3d6f314b8b,789.54,3,4.75
cf8ab1616079e2793aa29d524df01bb1,10031.56,6,2.5
cfa5ab0e4d3fc212fd0b3410e7081c62,5796.29,15,3.65
cfb1a033743668a192316f3c6d1d2671,15970.7,143,4.02808988764045
cfd7ddab722b902f7ac5b5f3ba6d723d,4058.11,12,4.538461538461538
cfe94489ddd337d1e29e12f2a7205d10,2672.8199999999997,20,4.125
d03698c2efd04a549382afa6623e27fb,9644.619999999999,18,4.523809523809524
d05ae8f7a5bd1d2a690a44cd079e4e27,14385.65,77,3.8227848101265822
d06d019f72a04e5497a0b64190af170c,2641.44,17,4.529411764705882
d0d70d21e2234dd7cd3cf63fe414148a,964.99,8,4.222222222222222
d101c6da914ae3d53f7bee42283f2fe2,1557.55,13,3.8125
d12c926d74ceff0a90a21184466ce161,5075.68,76,4.134020618556701
d13e50eaa47b4cbe9eb81465865d8cfc,7907.55,66,4.8088235294117645
d149de2f383552baea37a7198c2296ce,354.37,3,5.0
d1582f4043306e6b91afa6a8a884f898,1121.92,9,4.111111111111111
d17f467e4bf608a510c20d82f4ba3b6b,3471.31,11,4.2727272727272725
d180e07dc1e58c31c3f0cd599dc4d945,72.96,1,3.0
d197aa8fbc64087f61984deef05f6227,630.65,6,4.714285714285714
d1a5cc844736958c11b8efab9a2b4c87,254.01,1,1.0
d1aa1ec0839dcab73a6161130eb1f94a,136.04000000000002,1,4.0
d1b65fc7debc3361ea86b5f14c68d2e2,12823.32,39,4.65
d1b9d4be4b6f9ebd85f8acd6745ba612,1348.53,11,4.181818181818182
d1c281d3ae149232351cd8c8cc885f0d,32213.68,214,3.80168776371308
d1c7fa84e48cfa21a0e595167c1c500e,1477.38,12,4.333333333333333
d1ef48b38baca7e831711c4a0aeb398f,2091.77,28,4.529411764705882
d20b021d3efdf267a402c402a48ea64b,5427.26,86,3.6930693069306932
d23019c84ffae2d5ef2270367b8605fc,31954.84,39,4.410256410256411
d2374cbcbb3ca4ab1086534108cc3ab7,30370.23,514,3.693311582381729
d2572f31e9023e9850ef986a636ff9bf,305.69,1,5.0
d25aa0aaacb370e912f8cf6efeba38b3,3373.13,17,4.523809523809524
d263fa444c1504a75cbca5cc465f592a,444.07,1,5.0
d26aa40b90272d4843d63be7c1462c8d,177.42000000000002,2,4.5
d297f1055de2956aedfd3b04113dce3e,61.94,1,4.0
d29ba1220fb8634fa3a107e54497b8a4,907.86,9,3.2222222222222223
d2df77822373f19934e87694d8640767,196.4,2,3.0
d2e753bb80b7d4faa77483ed00edc8ca,1774.94,14,3.7333333333333334
d2f3e277560ed4c6361284429b00f037,454.66,7,4.714285714285714
d32e3909cfb714fb2a6cb092c85b9c5f,3078.8999999999996,10,3.6363636363636362
d354c38a7182125a748cb10474fe963b,1793.71,17,4.388888888888889
d3674f271c91f824f82d24d92011f669,2101.82,20,4.1
d36b07fd3c5088e477a72d1fccfe29d4,339.85999999999996,1,5.0
d379f449f2a3b271bc01c0782020f705,5499.8,28,3.9310344827586206
d3891911c2feae53c52fea2bd14054e5,166.99,2,5.0
d3dcf0604eabf0224fbd5948b5e02f69,3067.4100000000003,9,3.888888888888889
d3e7d37c0df9aef383f3f2a15b0dddfb,201.34,1,5.0
d3f39f05462b79a4562d35893a28f159,2893.37,33,3.324324324324324
d4828feed4cda2cd9d6b37899a95a71e,62.11,1,2.0
d4910f1cdcfdabd48d6b316e395d4a23,1361.92,11,4.916666666666667
d4a5e99e0dd915df64ba55a7fbd583fd,149.75,2,1.6666666666666667
d4d99b60c4c94cd35acd502cec65dc8d,87.29,1,3.0
d4e12e7884759a14fa0f5f896c791cae,1839.6699999999998,29,4.625
d4e4b5192cba4e0e66eb12a9d347239d,625.4,11,4.454545454545454
d4f117125b59ce73c3302f88ee40c458,998.61,17,4.823529411764706
d4f91e8be86b38da2ee35bc489645a9d,61.160000000000004,1,5.0
d4ffeb15b67e81ff9af2b4252d99fb7e,1724.81,11,4.3
d50d79cb34e38265a8649c383dcffd48,14944.68,70,4.246376811594203
d51e0a403fe2e689ece6c73359d96e12,8027.57,18,4.32
d52cbce9845184537284a23c3bc3da0e,138.78,2,5.0
d558ebe531605a1285ab2b1bc3256dfb,782.23,3,4.666666666666667
d566c37fa119d5e66c4e9052e83ee4ea,6124.92,65,4.71830985915493
d57e18d5f73c7ccb7f7339b61166898d,4111.19,61,4.444444444444445
d58d521f3789def2e7a22715e0badd93,84.2,2,3.5
d594982fd877af63ace38ea1fca27c76,309.7,7,4.428571428571429
d598f929fc44e1e38678e7f47250ec04,107.30000000000001,1,5.0
d5b9a084373da994a6e37f732169a853,1945.29,7,3.5714285714285716
d5ba419e26d246a0719437cf37d9b46d,4415.8,33,3.909090909090909
d5c530f4884a75ae0dba9c148718d278,396.14,5,2.875
d624126b9206f595fb3fbb6ba03b28a8,7768.5,23,4.333333333333333
d63c73efd41eb002280e7ec831424edb,5766.59,2,4.0
d63f306de130e0391d38a792541723b8,56.6,1,5.0
d650b663c3b5f6fb392b6326366efa9a,19188.010000000002,57,4.368421052631579
d66c11a9572221d92fbb8c4897db5f9b,1164.38,16,4.5625
d66c305afaec317ebee552073a674429,5235.5,38,4.5227272727272725
d673a59aac7a70d8b01e6902bf090a11,5499.5599999999995,79,3.9642857142857144
d6ab728cf30867cf3f1a2e216ae2f9b7,2233.82,12,4.428571428571429
d6b1ce66b035a475f00c017792ff9769,14315.880000000001,92,4.165048543689321
d6b664fa0667064c6d76394e7848d790,6404.34,6,4.833333333333333
d6cd01c59123df02fc226eadbadb5f89,86.15,1,5.0
d71d863e5ef30d94e440c11be17dcd8f,9920.09,23,3.5714285714285716
d73cbd89533ce8b041a9190241453ac8,319.29,3,4.333333333333333
d7485b33791774c36108f8c69602d48d,619.14,10,3.7
d7827b2af99326a03b0ed9c7a24db0d3,1556.7,1,5.0
d79e8478eed9999493990b44955fb22e,802.61,5,4.0
d7ab82074b5f1dfba46db123df101bff,83.97,2,4.333333333333333
d7b2377bae6ace1b11fc69a11900ac36,282.22,3,3.6666666666666665
d7d517afce974cd491b8d52bb5b5b1fc,108.72,1,4.0
d7f1cfc638473be93baedbfd02208016,47.14,1,5.0
d85efbc8eff2b7adf524e2820569adc8,63.29,1,5.0
d8b8f2cf9ff6ba0389072541cb42498c,169.01,1,5.0
d8bf0fc082fd4a77fc2e5679b6c00133,149.04000000000002,1,5.0
d8c7ba53e7e38711eaef8c2849d6d2e1,1788.34,22,4.5
d8cf3b6a2151949f930d0252b180ec42,1030.18,6,3.0
d8d9567d0bfb0bc7eb845a205ba42657,134.31,4,3.5
d8dd176509baa37f359644d082bf7f7b,229.9,2,1.5
d90fe2229fee1a5da999ccd0c06c1667,516.91,3,4.666666666666667
d91fb3b7d041e83b64a00a3edfb37e4f,48984.45,524,4.149712092130518
d921b68bf747894be13a97ae52b0f386,17403.81,77,4.558441558441558
d93844a9c55ba7ce353388bcf849ea56,3229.52,12,4.214285714285714
d93919c944be9cff128f6c9cb899eacb,3624.01,33,4.0
d93b8458c6fe139d85cfa5eadbf55bd2,34.0,1,5.0
d9442042130b7fe579d1295f9f4a248f,1111.04,19,4.2272727272727275
d94a40fd42351c259927028d163af842,17022.37,100,4.132075471698113
d94ba08b99bedd6a5f6c875ecc4a6fac,700.6999999999999,8,4.777777777777778
d97df38225e5abadaff1e72cb72b823c,2277.55,28,3.925925925925926
d98eec89afa3380e14463da2aabaea72,10225.31,168,4.291208791208791
d9a84e1403de8da0c3aa531d6d108ba6,2109.15,53,4.620689655172414
d9b00a97818674c7f8d8b1ef0e689679,79.08000000000001,1,3.0
d9bd94811c3338dceb4181f3dbc0c73e,7682.11,54,4.819672131147541
d9c349beabc06aa6ff1c6d68b5e9e22e,205.64999999999998,1,5.0
d9cb0052a666de5308b32f32ad5f1b1c,270.49,3,3.6666666666666665
d9cd369bffa979d1634f8e1318bf2f1b,744.81,3,5.0
d9d43faf741ceaa8da52fdbb81d9e0e3,335.79,4,3.6666666666666665
d9e7e7778b32987280a6f2cb9a39c57d,986.39,11,3.1538461538461537
d9e8c084b68fe958861d8f2c21202e6b,3231.86,9,4.166666666666667
da03c298e3999e9d828591fc2179d109,842.48,4,4.8
da20530872245d6cd9d2f5725613c430,394.22,2,4.666666666666667
da2782c804606d2a5d8e1760dbb3e7ec,103.37,1,1.0
da3fede3469bf49b7293ce3fc45b294d,57.69,1,5.0
da6a60cc8cc724fe51be021ff8be779c,984.58,12,4.769230769230769
da7039f29f90ce5b4846ffc0fcc93beb,1503.55,17,4.555555555555555
da8622b14eb17ae2831f4ac5b9dab84a,184706.78,1311,4.0713359273670555
dace965ca58120f92f8d742a9fa1864b,1573.77,8,4.625
daeb5653dd96c1b11860f72209795012,2452.99,38,4.230769230769231
daf565f087a52def0fd5c5825b3661bc,1121.8300000000002,9,3.625
db1f0f7c7e5e87f40b62226f020bb297,123.73,3,4.666666666666667
db2956745b3a8e9f3785c99f34b5d25e,9208.26,45,3.8043478260869565
db4350fd57ae30082dec7acbaacc17f9,5369.0199999999995,136,4.145833333333333
db46ca7bce82b11f7e247539271fc390,1149.86,16,4.5625
db6a4d4b5f1f5f98820ce6ce2619e2de,148.15,1,5.0
db7ed69a53aa9fb1c01930ba54a88bbe,120.78,1,5.0
dbb9b48c841a0e39e21f98e1a6b2ec3e,8768.26,108,4.203389830508475
dbbcfe2c8d026742134ac3e28ccde274,362.96999999999997,4,4.0
dbc22125167c298ef99da25668e1011f,40616.55,394,4.274038461538462
dbc51f5e45d654ecc16cb68e6817ecea,218.13,1,4.0
dbd66278cbfe1aa1000f90a217ca4695,6472.77,85,4.454545454545454
dbdd0ec73a4817971d962698f2fea022,8174.799999999999,16,4.375
dbec9a0a7efeff029d4d9dce7dc4cc95,1288.59,3,4.0
dc120d932ddf9d4dfb6fd68beefda622,144.44,1,1.0
dc317f341ab0e22f39acbd9dbf9b4a1f,22570.13,55,4.120689655172414
dc4a0fc896dc34b0d5bfec8438291c80,28148.06,225,3.8181818181818183
dc50afafdfa325eadc890c7fa42a8f4e,481.48,4,4.75
dc64d75cc406bb0697be983831430e60,905.55,4,4.75
dc7192adf8ba09569261f4a8d576afe0,1078.43,7,3.625
dc8798cbf453b7e0f98745e396cc5616,2258.95,35,3.488372093023256
dcb7367a92f5ffb89f1e2152ed260285,98.34,1,5.0
dcf3755cefcdc158ad0b7bdde51e871b,359.03000000000003,3,4.0
dd264199fc8b687ad029de7de6d760e6,108.60000000000001,1,5.0
dd2bdf855a9172734fbc3744021ae9b9,12599.01,105,3.826923076923077
dd39ad39b5d3df33037e141c72497ba6,164.85000000000002,2,5.0
dd4d95ba2d15c071e6c695e2ef6ce169,1962.41,4,4.25
dd533b429f380718b70ad9922c294bae,3336.18,39,3.86046511627907
dd5450b022b2d00a2145a66331e1aef6,81.34,1,5.0
dd55f1bb788714a40e7954c3be6df745,7701.18,35,3.810810810810811
dd58ee93286b0821565574c570e9e1dc,3023.31,2,5.0
dd7ddc04e1b6c2c614352b383efe2d36,12025.18,121,3.780141843971631
dd88d13bea9e4c2bf47daf224f8141e5,487.38,1,5.0
dd8a29ce82d5c705ba932d81494600a5,233.25,2,3.5
dd9661d3cda1e6feb237f0c4d8b26f2e,190.98,1,5.0
dda37071807e404c5bb2a1590c66326f,219.27,1,5.0
ddd51ae8cda92f3995a51fc0f0f3eec7,1119.62,8,4.6
dde698c6d0bd24834c586e5111c2bba7,175.09,1,5.0
de09d00cfc265b8804c7df34075a68fa,827.97,3,3.3333333333333335
de0c78824586e9a5f5f04fd84e25df39,2697.83,14,4.4375
de23c3b98a88888289c6f5cc1209054a,28579.86,161,4.314606741573034
de66a66f2dd06bb9ec37aa96987466a3,468.98,7,4.25
de722cd6dad950a92b7d4f82673f8833,64776.590000000004,337,4.167553191489362
de9727ca376d1be6ec121b110aa7954c,1195.64,9,3.6363636363636362
debe6615cd90cc0c2eac2b8988e1f628,374.03000000000003,5,4.6
dedcab67899479e4ea5dcc4eba47f587,105.63999999999999,2,4.5
dee656f0f566ed1aa85bd137c943f08f,7883.07,92,4.382978723404255
df0f42bc4c2142eacf0eaf2cffd0cfbb,1946.45,14,4.0625
df47da4ae86fa4db890d05aaf24e21d8,387.68,5,4.2
df560393f3a51e74553ab94004ba5c87,3999.8900000000003,26,3.925925925925926
df56d7b40d437f88407c5f78b63bc328,3251.5,22,3.88
df683dfda87bf71ac3fc63063fba369d,55.95,1,1.0
df91910b6a03bb2e3358fa6a35e32f6f,2456.22,13,4.615384615384615
dfa0c4c6229ab200a4a1336b4d7128ff,6544.21,77,4.011627906976744
dfc475d54e1b6dbeeb7d7d9bdaa63827,2122.13,18,4.55
dfc5fb7259bb2b599ca565e6e9448f0f,6845.9800000000005,33,4.117647058823529
e00d85ce20ea50c1224c66ca5050527d,157.3,1,4.0
e0482f2c769468c3bbcd8a01e09d98c5,234.4,1,4.0
e0487761face83d64fcada2408959a36,64.12,2,4.5
e067ad2c1c0b48758eb1b5228bcf7a68,6047.91,54,4.131147540983607
e06f09ec0a4aca210779cf1cfc63cf19,5901.41,29,4.032258064516129
e0878efa0e0b7e5313ac0b43bc04c081,5542.53,26,3.5357142857142856
e09887ca8c7bf8a4621ce481820414ef,124.57,2,3.6666666666666665
e0a366315b1b726b6c7832d664c0f530,8145.17,43,4.333333333333333
e0a3c37054ade6478d923a6efc10f308,254.98000000000002,2,5.0
e0b162a693bc7f9eab00f783a31d60ea,49.69,1,5.0
e0eabded302882513ced4ea3eb0c7059,1117.19,8,4.625
e1643dff33666ca629e3644c02738179,199.31,3,4.333333333333333
e1b12447a7563944843191754aeb5562,599.13,9,4.5
e1bed63d68ac36fe1f3061befe196af5,217.0,1,5.0
e1c76f339ebd5460999f25a2aa8c92c5,928.6999999999999,1,5.0
e1dc0754bada9ee4cfe9713f22f61292,1149.78,12,3.8333333333333335
e21a1e8be4715b0fcfd5385643bc49c4,1128.21,20,3.6956521739130435
e24d3429d294b2eb200b064ebb035879,2250.7,19,4.136363636363637
e24fc9fcd865784fb25705606fe3dfe7,13780.710000000001,51,4.181818181818182
e250d617a0ad591ba9bd663e584a895d,1204.91,8,2.8
e256a62e0ac58c0edfba09966142d561,1809.55,12,4.5
e26901d5ab434ce92fd9b5c256820a4e,14481.630000000001,197,4.144186046511628
e2a1ac9bf33e5549a2a4f834e70df2f8,15200.56,5,4.8
e2aee0892199b1d92530e371abd825bf,7908.88,36,3.8974358974358974
e2c92f9c1c7746d899d18f2e158bbff7,1956.3,12,4.583333333333333
e333046ce6517bd8bb510291d44f0130,8699.32,68,4.391891891891892
e38db885400cd35c71dfd162f2c1dbcf,2737.55,30,4.5
e3a386fc36e22064434e1fa256f6a9fa,1047.15,16,4.235294117647059
e3b4998c7a498169dc7bce44e6bb6277,6929.31,1,5.0
e3d3b3efac954a60d61be70b7e05b49b,1405.83,3,4.333333333333333
e3dd723429d1b23614b7fa85e2c7a853,597.62,7,3.375
e3e290b38963293022cdcd6db8328103,182.04,3,3.3333333333333335
e433f5fd4050e3352b5d83522b7fe24b,596.77,1,4.0
e439f7176d763f92de325271111b2fd5,1547.7,6,5.0
e45edf75f568ed2f93f78d060e246e25,278.21999999999997,6,4.142857142857143
e48b04bf1aa1ef711caebeb7aede6180,3832.73,25,4.48
e48cc16ab70bfa09e1401740dce0b3d7,1411.1299999999999,14,3.235294117647059
e49c26c3edfa46d227d5121a6b6e4d37,4765.66,34,4.514285714285714
e4ebd3f87bf70440014f07ddda7fbe03,787.26,7,4.571428571428571
e4f121bf6ef8b9a1d4d3e65dd0473fab,106.46000000000001,2,3.0
e4fc40017a6d22c46a14ac2e17f87c3e,170.29,1,5.0
e503f22be6a4f456d9851920a5d9c670,231.34,2,4.0
e504a4e2efaa45cbff7e268a2c58c956,1329.7,10,3.909090909090909
e51f22821f0c12a16ad5c020cdcd55e9,996.8399999999999,4,4.75
e53d5b9b29d1218281f4a907ada18626,483.91999999999996,4,4.8
e546117ed9cafbc40239c0c78635c584,484.34000000000003,2,4.5
e5475dcab1e07b63d7f6e902d8f5eda8,2443.22,19,4.105263157894737
e5545d4d4473876ea78c5bcebca365c3,57.47,1,5.0
e560e4022d8f7aebf155db95946c5c0f,870.21,2,5.0
e5899683388855d3dabe8913bbe365de,533.86,3,4.0
e58a5b390e28abc0b216cfb0e07d27d7,1167.23,7,4.857142857142857
e595809a6c31ec4314fd06ef198c244d,57.230000000000004,1,5.0
e59aa562b9f8076dd550fcddf0e73491,32876.37,69,4.329268292682927
e59e489e2ea74bd409b798b5daf49de3,581.76,3,2.2
e59e575a175fadcadf8479e191770425,250.88,1,5.0
e5a3438891c0bfdb9394643f95273d8e,10830.699999999999,216,3.877551020408163
e5a38146df062edaf55c38afa99e42dc,17156.43,120,3.967479674796748
e5bd51692380fd8cabb19b756b95e714,105.75,2,3.0
e5c84227854980f1db19a58958c551d9,141.64000000000001,4,4.75
e5cbe890e679490127e9a390b46bbd20,937.71,2,4.5
e5d4b2b0c3bca22085f7a19a28de0c42,269.56,4,4.5
e5def42655b7490edac5a56fe8e9e603,141.42000000000002,1,5.0
e5e33c0d8e7e002f398f5dc4cbbb338f,7240.85,26,4.592592592592593
e5f9e61ceb5f523cc966e0f34095032f,2353.44,4,4.0
e601b04acf48b4576e73ddca9481f0dc,702.9399999999999,15,3.875
e603cf3fec55f8697c9059638d6c8eb5,442.99,7,4.7
e627629ba868740e287800f1a9be81c2,446.65999999999997,11,4.909090909090909
e62b2d6ac10570a035a30bafcf01d263,6375.47,62,3.8333333333333335
e63e8bfa530fb16910dd6956e592bb81,1928.21,41,4.333333333333333
e644cbadf7eeb30d0d29f335ce7d52ec,930.03,7,4.0
e64882b4ef12aee8d0faca4db5b681f4,273.22,1,4.0
e64d65bc8dbec2accda90c58de5d1246,1899.96,12,3.0833333333333335
e64ddbe1cbcf4f2fc3092b7c481f3f9d,28.29,1,5.0
e6a69c4a27dfdd98ffe5aa757ad744bc,784.34,21,4.304347826086956
e70053bf73d1b5863932e53a9fa47496,4158.58,7,4.285714285714286
e72b4feb7abe210c52aa667abc25a3a2,55.64,1,5.0
e732329483fd5f27367dd997b47f598a,144.47,1,5.0
e73bf2cea7fe4b0b4d287a7568ed1099,837.8299999999999,4,5.0
e76ecc7e9a1a1e3c6df9d2a8261c423d,34.1,1,5.0
e7d5b006eb624f13074497221eb37807,4220.42,28,3.111111111111111
e7df4cd29ab5abab70fb0783ddb53987,10022.07,23,4.291666666666667
e7f3bf1ecd8526eb7f3b18059e6716e5,1642.8100000000002,17,4.444444444444445
e819bcfade7b5d88a27325eb6cfd62c5,338.25,5,3.5454545454545454
e81e1f9c3e762e620f3fb60a51499e16,4979.49,17,3.823529411764706
e82de6494d91d3c4c54450f59b227a94,157.7,3,5.0
e83c76265fc54bf41eac728805e4da77,336.49,8,3.625
e83e93b71371817b11d78a63ff156aee,373.38,2,4.666666666666667
e84ad2127668df3aafc6b73531a0beb8,1273.73,19,4.391304347826087
e88165a185134e13fdfc85d4fa654db8,149.22,2,3.0
e882b2a25a10b9c057cc49695f222c19,53913.759999999995,57,4.586206896551724
e883aa812c37a7413226856f4579fe91,4554.46,26,3.896551724137931
e88c9b79e592e370d6bd852eeefbf057,393.98,8,4.777777777777778
e88f7a2995ba184710d339c5c4bf2e30,287.51,2,5.0
e89c4adbe7b1d0819dbb636e16461cf1,3636.15,24,3.88
e8a85b5f3df47be0984c55fd4064dbb4,965.99,8,4.714285714285714
e8b3a3a38279a82f0e5d006d5e5b7d2c,13408.21,80,3.929411764705882
e8b4225284fbb02d16f200513f1f395d,6912.6,30,4.3
e8dba4d70f7f2b20e775d09cae01142d,1032.39,9,4.333333333333333
e8f6dc8e6a1dcde89d20e3995c8d90b3,4165.54,35,3.5681818181818183
e8ff5a6ceb895583033fc2a0f314e3c2,158.96999999999997,1,5.0
e908c0f3646e8b60375734a350d95d71,3009.53,1,4.0
e94b64dc6979b302a5a5be1662c83bb6,338.63,2,5.0
e9511df20ccd82658a30c37b7fb343af,2823.1,22,4.466666666666667
e96498ed8daaa3e9c23f7a62da76591c,10332.19,34,3.9411764705882355
e9729944ba65dc3ce425e0c5a22ae7b2,978.4300000000001,4,3.75
e9779976487b77c6d4ac45f75ec7afe9,52211.3,645,4.204081632653061
e9874ae10b2d60d43917b6bbfa13a599,222.1,1,5.0
e99e927c81e3f51739c94fcdfca9f10f,3236.93,21,3.625
e9b6c33b71b67737693b4cfa68341c8d,141.39000000000001,1,4.0
e9bc59e7b60fc3063eb2290deda4cced,38082.42,209,4.0346153846153845
e9c2dc0dd4ac38448289be644ac94f42,174.61,3,5.0
e9c6969d40e6a3d2d0f90013165c2b98,5481.9800000000005,10,4.4
e9d99831abad74458942f21e16f33f92,6916.06,130,3.9054054054054053
e9e446d01bd10a97a8ffcfc4a3a20cb2,73.32,3,4.333333333333333
ea00f977a203ff88adf7057cb7806998,558.02,18,4.277777777777778
ea1776927851da2532aa70d6a32c095a,322.08,2,3.5
ea3ebea5317b0efbc663ecc8ce5e9bc2,357.35,3,4.0
ea4e9ce63a2134743b4a92777437fcdd,382.3,3,4.75
ea566164622c6b439516ab18062c42cd,11167.98,50,3.75
ea65d8b58316a6f2362f2a9e4b3e86ad,2292.22,9,3.1875
ea67327e24487bdfac5fbfa37ea124df,7180.280000000001,32,3.5588235294117645
ea6b12bf9ffe2bac34602ec631d97a47,1202.19,9,4.333333333333333
ea846a0e7ad98a741783e886d89dfa44,192.26,2,5.0
ea8482cd71df3c1969d7b9473ff13abc,53988.63,1132,3.983065198983912
eaaa46e98c9e61f6764dd1d7a2ab8b3e,125.64,1,5.0
ead2bab70821ea148476ae9bc08548ac,528.3,9,4.555555555555555
eae9af4811c294c56795d70e715b7337,27.009999999999998,1,5.0
eaf6d55068dea77334e8477d3878d89e,84.01,3,5.0
eb1bf309f4f6af9a97e9ddac3fdbeabe,31.18,1,5.0
eb3071b9f0b0ddaa2df5ea130f09f26b,6811.42,9,4.636363636363637
eb4a59a06b3948e851a7d7a830bcbc42,53.15,1,5.0
eb4df17aed01d918c65f0f8d650900c0,3925.46,11,3.909090909090909
eb5b6204dde3a6e03b5f1bb8479f055b,727.3299999999999,19,3.857142857142857
eb72802c83dc7547529c9546d1a9b8ef,1181.63,8,4.625
eb9267cccc90f1b49c8d2f9887c7dd97,346.27,1,5.0
eb9cd5b35d95206585e2185318cb5c61,611.55,2,2.3333333333333335
eba88037e1dca898cd02881f67ced679,931.57,6,4.333333333333333
ebd1417732defaf66c50b5a800eb293e,325.33,1,5.0
ebd2d60905fb58271facef5596b620d3,9350.4,82,4.235294117647059
ebe3dabc4955c9b0d695e7bda38bf5c3,66.89,1,3.0
ebef8d8c92b4fd3226e5d407bbff21ac,302.06,3,2.6666666666666665
ec21206b7894c503788a684a7bc822a6,92.78,1,3.0
ec2e006556300a79a5a91e4876ab3a56,125.73,2,1.5
ec4608a1f76453166bb312b2968aeaf4,1863.3600000000001,17,3.0344827586206895
ec5c1d94df153d473b37f880977ae58e,283.74,2,1.6666666666666667
ec80e49e69745ab6c14f984bf2149423,3897.31,12,4.0
ec8463980a4e0ea9f8517aea1ed0c419,357.96,2,5.0
ec8879960bd2221d5c32f8e12f7da711,4756.26,35,4.294117647058823
ec933281fb017b5020d06df29c3f77e8,1662.85,8,5.0
ecccfa2bb93b34a3bf033cc5d1dcdc69,1333.32,12,2.5
ececbfcff9804a2d6b40f589df8eef2b,8548.46,97,4.116504854368932
ed4311e67debd72b8610a5347a743087,4342.81,25,4.48
ed46f1eb4a638113deb2a1137b5f22e9,3686.6800000000003,4,4.0
ed49da7cadefc454d6a67de249eab240,30.22,1,5.0
ed4acab38528488b65a9a9c603ff024a,13369.76,32,3.725
ed859002ad59dbf8cf3602696a6c3000,2289.34,6,4.545454545454546
ed8cb7b190ceb6067227478e48cf8dde,816.21,15,3.176470588235294
ed9eef5be0992d413d251fadba1a410d,547.34,3,4.555555555555555
edb1ef5e36e0c8cd84eb3c9b003e486d,83031.14,165,4.454022988505747
edb58a1390adf273840030a3d6253829,58.28,1,5.0
edb65fe661681b1c0de8bd47c8655855,84.24,1,3.0
edc518ba25576a0188a0e8f2c3af186f,1909.55,6,3.5
edd066cd02126d7800f9b66e980e9931,1173.93,6,5.0
eddd1991bd6d9309995a480c39b95137,672.55,2,3.5
ede0c03645598cdfc63ca8237acbe73d,3060.45,43,3.6666666666666665
ede2977fbaf3738583170735ca403f6c,327.25,1,5.0
edf3fabebcc20f7463cc9c53da932ea8,244.02,1,4.0
edf96ef93ed595084bbcbd9224bd2894,4365.78,25,3.7857142857142856
ee27a8f15b1dded4d213a468ba4eb391,6726.66,1,5.0
ee2fbacc2fc3794e656cc4d933d59ce7,518.7,2,4.333333333333333
eeb6de78f79159600292e314a77cbd18,46506.89,82,4.421686746987952
eebb3372362aa9a46975164bed19a7e7,354.60999999999996,4,3.25
eec3469d83e142f9a104886655338c37,240.44,4,4.5
eed78ac17f7f795a19a709745f00cd4e,5195.84,22,3.4107142857142856
ef0ace09169ac090589d85746e3e036f,18404.780000000002,128,4.366906474820144
ef2fbc2b607d8492bcffe657a4645434,1274.51,19,4.0476190476190474
ef30892870c278497523264be1be2241,892.54,9,4.555555555555555
ef506c96320abeedfb894c34db06f478,14648.8,316,3.930091185410334
ef728fa1f17436c91ed1ccd03dcf9631,186.82,3,4.0
ef990a83bbea832f36ebe81376335aa8,5557.24,43,3.659090909090909
ef9952469137ff190bacafe117f51537,1086.6,5,4.8
efb628aa07c8ca93d7db0d85b91a4f5a,262.1,1,4.0
efcd8d2104f1a05d028af7bad20d974b,3225.1,46,4.2
efff9341f3f8f5237b44ff67ed36a7bf,972.65,5,4.4
f00e21b1e91a79653163b7fd8f293ff1,4471.06,31,4.1
f00f5b35d0abcacbdd863672f4bb2c1a,313.43,1,4.0
f021c962aaba8ef6eb527a9c2c8394d1,4533.87,5,4.2
f049a72cf58fd31b11f8919cade515e7,170.99,3,3.5
f0837c8d71434931d9e38e7b79234797,4049.36,22,4.608695652173913
f08a5b9dd6767129688d001acafc21e5,14565.74,11,3.4444444444444446
f08c008c8a8d31417763738a1788a2a8,1604.0,20,3.3
f09b760d23495ac9a7e00d29b769007c,39.09,1,4.0
f0b47fbbc6dee9aafe415a6e33051b3f,5087.9,67,4.258823529411765
f0e103c63864d5405b958d984b6e94c9,1101.41,11,4.7272727272727275
f0ec78809fe0bc3edb11c9fe5b97b059,86.25999999999999,2,4.0
f114dca2828bf718548db175ebe2cfcd,152.99,1,1.0
f1198c871e0171278b63f40d112caeec,558.0699999999999,2,4.5
f125f3a310c2e5f822d116147de1e474,3049.29,16,4.363636363636363
f12d3c2a14729ae461b920c11fe20fdc,459.32,9,4.2727272727272725
f12ff17ad8bbf01ec5c33b17e506649b,6728.88,28,3.857142857142857
f18112da765e0971ca5d510dec322bdd,410.75,2,4.0
f181738b150df1f37cb0bd72e705b193,6632.75,36,4.486486486486487
f19516b9ff26bfeb091b30108db4ddbd,219.22,3,3.6666666666666665
f1b854361f4e15d5851b494df66f22b2,1475.24,3,2.75
f1b93673502375d491780bb49d615dbc,2959.28,8,2.7
f1c1ac3f3efc07e659c035008e615e66,2509.6800000000003,3,2.7777777777777777
f1ce5fdecd64935c28b9ff932751d0dc,180.53,2,4.5
f1ed6bd0a9b11b581f16c851c6a5a527,1996.5800000000002,17,4.5
f1fd5ab1181f827ffad998c1a5de7d74,7877.96,15,4.666666666666667
f1fdf2d13186575751aa25876536d85c,34.59,1,5.0
f205b1a3ca9a34e0f8a228bae6e4c7b3,1484.9,8,4.875
f214d28e8d8e3ef068748498ccc2f813,2937.84,52,4.125
f22a247b79dd22ecd91dc8e3b2a1b07c,574.8399999999999,8,4.0
f2336e113377dd21c744d9c4fc8293a9,3762.08,4,4.25
f235413f677777a0738ff215d0184901,1247.81,2,5.0
f25e239052084705e17a982bc600ab2a,7785.48,8,4.25
f262cbc1c910c83959f849465454ddd3,12654.9,189,4.1182266009852215
f266295f49a28eee21f413e0cbb0521d,177.94,2,4.5
f26d70155c2b6326fcfa1780c8c684e4,219.06,1,5.0
f27e33c6d29b5138fa9967bcd445b6d5,10482.25,93,4.091836734693878
f3041c2e75ec683697a6a5ea82192210,169.0,1,5.0
f307937c1bb287c3efc2a514b94b0d1d,216.60000000000002,1,5.0
f326006815956455b2859abd58fe7e39,3813.18,9,4.7
f3295428338a40977a03f555246a70f4,769.38,7,3.5714285714285716
f3511c85f59f8dec53d140501ee8e7a8,78.01,1,5.0
f356c348fbc8df6a882823e21f5ce8b7,225.65,2,2.5
f35b3c613c4f7b2275f4185d0a3c59ec,4214.29,9,4.555555555555555
f35becee938e982bd615edf8ef12bcfb,226.81,6,4.0
f3862c2188522d89860c38a3ea8b550d,28.29,1,5.0
f3975e8a41157005d4bcbb358678cd9b,262.78,2,5.0
f3b80352b986ab4d1057a4b724be19d0,11941.36,86,4.164835164835165
f3c38ab652836d21de61fb8314b69182,1828.59,15,4.266666666666667
f3da5b2ff499efb8d4a6d371d175d7dd,4640.59,77,3.9012345679012346
f410c8873029fcc3809b9df6d0b28914,327.1,2,5.0
f419677537694f0462a91990df6ca44f,299.28,6,4.0
f41ce2e25237f9092cd8e6e7516c7a2f,2285.82,26,4.444444444444445
f435898e493ba0356019a0b1cb8b55b1,880.6800000000001,10,4.333333333333333
f43827dd686be3a4a80e00aa299990fb,125.74000000000001,1,2.0
f44b6f775a2b390380e0e30b5c9d3eee,3188.24,10,4.9
f44bdc12aa39f5271f0b95f66cd4c289,432.07,5,2.857142857142857
f45122a9ab94eb4f3f8953578bc0c560,25043.87,184,3.9238578680203045
f457c46070d02cadd8a68551231220dd,22449.010000000002,195,3.8034934497816595
f46490624488d3ff7ce78613913a7711,7384.36,80,3.574712643678161
f4a04f7be452aa3bb31760bf00055dd0,1553.95,18,4.666666666666667
f4aba7c0bca51484c30ab7bdc34bcdd1,4467.13,108,3.8956521739130436
f4c4daa86e30c7e5a553a8d518ac03a5,6324.5,18,4.0
f4ce8ca9fa7157e3b33f536ac9a4487d,507.13,4,4.75
f4db9b37944bcb8873e6b456ee190bbf,3909.94,21,4.545454545454546
f524ad65d7e0f1daab730ef2d2e86196,609.5,1,1.0
f52c2422904463fdd7741f99045fecb6,744.8,12,4.3076923076923075
f593898ec748b7a8cb81fc04edafd98a,3272.35,19,3.4545454545454546
f5a590cf36251cf1162ea35bef76fe84,55366.96,113,4.279661016949152
f5b44895715ddfe3087dc414f30268f3,654.44,19,4.0
f5b84683a9bf9e1df748cf40f601b39c,92.97,1,5.0
f5f1f2c5f923f36ad79ea1d07185ddc9,1691.5,10,3.4545454545454546
f5f2ab9bdb6b30c14c61be68c5ed37da,2474.55,18,4.277777777777778
f5f46307a4d15880ca14fab4ad9dfc9b,1654.32,9,4.0
f5fea3ffed6c2e889bab72705557c63a,468.8,1,5.0
f6122bc84774df1b372bdb3bb88ddb9f,4874.360000000001,3,3.6666666666666665
f615fe7efbef0f4f08fd3086bc7a3e60,2431.08,22,4.521739130434782
f61c63d13f7cd800549d5acdd390ae72,3501.69,26,4.0
f626e15b7314c267e4429010866f70e9,319.02,5,4.142857142857143
f62d7bb4a613ec758a03342d46b580b2,26790.59,32,4.375
f63d8f293af3a6454377546bd9dd19ff,2246.95,17,3.8214285714285716
f650a9708fa1bab22bdd8d3a818cc415,487.48,4,4.0
f664f98bfda2eaf266a23ff144e7a872,161.8,2,3.0
f67efa3f0b6761102a7f8c6b7b571f5d,6030.17,31,4.4375
f680f85bee2d253556ac91be391d2c82,6077.34,45,4.296296296296297
f682e0f848abafc6f41e0d4e868c66ef,304.0,2,3.5
f7315bb81aea4ddca2d39e249a801c98,430.08000000000004,2,4.5
f7496d659ca9fdaf323c0aae84176632,5641.929999999999,25,4.576923076923077
f76a3b1349b6df1ee875d1f3fa4340f0,4748.98,24,3.4583333333333335
f7720c4fa8e3aba4546301ab80ea1f1b,3360.79,59,4.233766233766234
f783a638e9c6af4a7d0dbfde811e7a81,1002.9000000000001,5,4.0
f789d2c4f2c2eb38fc4373e7a4b35264,5733.24,44,4.183673469387755
f7ba60f8c3f99e7ee4042fdef03b70c4,72387.94,218,4.218340611353712
f7c31656c19db6275a8acadca289f426,77.75,1,3.0
f7ccf836d21b2fb1de37564105216cc1,3856.34,69,3.859154929577465
f805b96fa705ba7995a221f1749dc141,2986.87,7,4.428571428571429
f80edd2c5aaa505cc4b0a3b219abf4b8,11790.62,116,4.137096774193548
f8201cab383e484733266d1906e2fdfa,1144.8300000000002,10,4.1
f84a00e60c73a49e7e851c9bdca3a5bb,7780.34,88,3.7216494845360826
f84fa566034f5e8e880a07ec624c56af,6204.33,89,4.3
f88adb15807168d3c43d71021090ce4a,541.0600000000001,3,3.3333333333333335
f8d5c7085db9a4ad2b8c1ffbeb2798c8,363.40999999999997,6,5.0
f8db351d8c4c4c22c6835c19a46f01b0,62487.02,659,4.251758087201125
f8e2c1b59cd4225a3e4fd0d013a76b93,264.43,2,5.0
f8f35af4634605e6693c17cc3ffff5a8,106.39,1,5.0
f90f77ef2799a27f80d90c425ca944f7,89.46000000000001,1,5.0
f918546be4bec7104d117789ba758b2b,1830.15,20,3.8260869565217392
f9244d45189d3a3605499abddeade7d5,15902.16,20,4.35
f92d8c817434bd2d84d4e9c61322b7fa,225.61,5,4.6
f97e2b0650c2068227e1d366140eb62f,4665.98,16,3.65
f9903dd0f812c7e771fcad47b6fff231,2101.48,10,2.933333333333333
f9bbdd976532d50b7816d285a22bd01e,298.37,2,5.0
f9d010e39375d9c91dce3f40b73a2f84,1350.1399999999999,4,3.0
f9ec7093df3a7b346b7bcf7864069ca3,638.13,9,4.777777777777778
f9eedec3129e8cc6b6429c42d0808c5b,833.15,2,4.5
f9f68daa2af419d38f745478bcb3da1a,29.2,1,5.0
fa14641f57b655e933124a9ea49cd7a5,442.99,7,4.571428571428571
fa1a9dec3a9940c072684a46728bf1fc,7875.71,55,3.983050847457627
fa1c13f2614d7b5c4749cbc52fecda94,200833.5,578,4.373913043478261
fa3a0b5aabb344b9a92e3524b0202123,1953.4099999999999,7,4.142857142857143
fa40cc5b934574b62717c68f3d678b6d,20383.010000000002,304,4.446428571428571
fa5fdc4e4bb6bd1009ad0e4ac4096562,194.85000000000002,1,5.0
fa74b2f3287d296e9fbd2cc80f2d1cf1,1350.67,5,3.2
fa8d335d68129e464e60c1826a683e96,174.68,1,4.0
fac1a9017ade7bdc94058fc1c969f355,2222.91,9,4.7
fac35d150712afb921ec59ac5f39bb11,800.64,5,4.166666666666667
fad44952713764836814be105382aee5,5636.88,32,4.28125
fadb07c842a2aef5d5a676b85f220e71,570.37,7,4.714285714285714
fb3cfbc8a86f5d7fbb4d36b8df63f60d,1225.06,10,3.1333333333333333
fb503a924a0b9db19d83dd0ac6dbef8c,31.82,1,5.0
fb8904a8ea99f8831b64ce27db2c1765,302.36,2,4.5
fb89df7f89fd1b8f03fa2acca1ba7364,2687.43,22,3.84
fbc14c0cf93505ef89f64665ffa4a7b5,12758.93,18,4.176470588235294
fc0b214b59a83615fea981c6424a02ae,172.04000000000002,1,5.0
fc38b5dceee1a730fad8853453437fbd,178.01,5,4.6
fc4751cfe3b279c419615b9b00c1abb4,471.05,1,5.0
fc59392d66ef99377e50356ee4f3b4e1,606.96,5,3.6
fc5a0d7a310a7a41abf86a458585ff2b,136.97,1,4.0
fc6295add6f51a0936407ead70c1001d,230.51999999999998,1,1.0
fc906263ca5083d09dce42fe02247800,6273.28,112,4.3760683760683765
fc908879b9ca1bd65419e54e50432d38,171.88,4,5.0
fcb5ace8bcc92f75707dc0f01a27d269,8914.84,59,3.898550724637681
fcba71d4d5db057f43249145e4eb1e27,548.27,3,4.666666666666667
fcdd820084f17e9982427971e4e9d47f,5665.74,16,3.259259259259259
fce62094ffe6a4009188ec44e681dfdd,3452.63,4,3.1818181818181817
fcf16b7a8697e559f0123190bb30177d,1552.5700000000002,3,3.142857142857143
fd312b6bf05efac6c3772d5b52205d8a,164.32,2,5.0
fd386aa7bed2af3c7035c65506c9b4a3,3316.17,69,4.355263157894737
fd435faa3c0422b60440ea3480d0e77c,882.87,1,5.0
fdaaf5bfda82b7b80535610c831b8d09,2848.32,10,3.933333333333333
fdb9095204a334cd8872252ffec6f2db,9289.369999999999,46,4.131147540983607
fde0cc9ea29c8ccfc0a2c22256a58c71,4921.27,35,4.485714285714286
fdf736c18c589ed030e058312203e1b2,44.51,1,5.0
fe19dce63ae80346207c6c55713d1023,71.72,1,5.0
fe1b067411b8c5066e962aa146ccee03,990.8799999999999,8,4.625
fe1bbc5feda5c8979a8a1b3b2512d5a6,862.25,9,3.8
fe2032dab1a61af8794248c8196565c9,70400.6,293,4.395348837209302
fe26f3ecb51a15e6d8335cd92da42562,2971.55,7,4.428571428571429
fe49ee029e61e789a1f3a5525f57ba8d,2691.1499999999996,16,4.25
fe4cd9461203cee790d36792420b310f,445.53000000000003,3,4.0
fe701d88b67eaca109dffd464d1be9f9,1578.02,10,4.3
fe8055980a4ff7f64ed889c2b5926929,249.98000000000002,3,4.666666666666667
fe87f472055fbcf1d7e691c00b1560dc,1215.96,6,4.5
fe9d9cf8631285d5982c6e2cf27fb114,93.54,1,4.0
feb793c88d836c3a75efa4b5a3465d70,530.17,1,5.0
febab0275244b9a49a623f0bd613ca2f,10001.31,106,4.317460317460317
fec6275253471ace26d209bbaa64cd0f,3195.67,9,4.6
fec8cd45395b3cb0c2b173d7739706a1,1376.94,4,3.75
fedaedd3ca31d56ab33e92035e4b361c,50.86,1,4.0
fedf2c1386e137f296b3bbf3b635e69d,210.9,2,3.2
ff063b022a9a0aab91bad2c9088760b7,14061.27,94,4.28421052631579
ff1e15b778c700abdd4d239b81ac466d,529.16,7,4.571428571428571
ff1fb4c404b2efe68b03350a8dc24122,7666.95,46,4.061224489795919
ff314fa6033cc68ec451c47aee2d6ba4,570.3399999999999,2,5.0
ff4e2d38692ce827b1a4f4b8196e680d,669.1800000000001,11,4.2727272727272725
ff4ea69c2a729e83e63c7579e4ef8170,6527.82,8,5.0
ff69aa92bb6b1bf9b8b7a51c2ed9cf8b,23695.2,20,3.65
ff82e8873fba613f2261a9acc896fd84,183.53,4,3.5
ffa6adafb71b807dc13159e26431354c,3017.38,17,3.9411764705882355
ffad1e7127fb622cb64a900751590acd,1090.83,10,4.866666666666666
ffc470761de7d0232558ba5e786e57b7,1950.22,27,4.3
ffdd9f82b9a447f6f8d4b91554cc7dd3,2828.66,18,4.25
ffeee66ac5d5a62fe688b9d26f83f534,2259.55,14,4.214285714285714
fffd5413c0700ac820c7069d66d98c89,11125.3,57,3.912280701754386
ffff564a4f9085cd26170f4732393726,474.35,8,3.25
